Country,City,ILR,discount_rate,Initial_invest,NPV,IRR,npv_over_I,ppa_eur_mwh,module_factor,module_reduction_pct
Austria,Vienna,1.57,0.0602,36833347.91143705,-14211111.64447866,0.014194657386092713,-0.3858218828939521,35,0.55,44.99999999999999
Austria,Vienna,1.57,0.0602,39775222.91143705,-16807658.454373267,0.009102400671196165,-0.4225660404668746,35,0.7,30.000000000000004
Austria,Vienna,1.52,0.0602,41766806.52137834,-18962809.03433303,0.0045962186997723364,-0.45401625390313044,35,0.85,15.000000000000002
Austria,Vienna,1.52,0.0602,44619806.52137834,-21504963.02098414,0.0003930669313236823,-0.4819600239790514,35,1.0,0.0
Austria,Vienna,1.61,0.0602,37602629.63318328,-2690893.0680458075,0.052429075430929784,-0.07156130021479054,50,0.55,44.99999999999999
Austria,Vienna,1.61,0.0602,40633004.63318328,-5365551.419958907,0.04564949409947627,-0.13204909330227294,50,0.7,30.000000000000004
Austria,Vienna,1.57,0.0602,42717097.91143705,-7850519.486605034,0.039674810632361,-0.18377932655633755,50,0.85,15.000000000000002
Austria,Vienna,1.52,0.0602,44619806.52137834,-10207242.612597067,0.03432881655567166,-0.22876035125133387,50,1.0,0.0
Austria,Vienna,1.66,0.0602,38371911.3549295,9329420.963646913,0.08502255398980596,0.24313151558577226,65,0.55,44.99999999999999
Austria,Vienna,1.61,0.0602,40633004.63318328,6458270.911384519,0.07665822977477066,0.15894150505695853,65,0.7,30.000000000000004
Austria,Vienna,1.57,0.0602,42717097.91143705,3703166.2910578037,0.06929645487438396,0.08669049331804725,65,0.85,15.000000000000002
Austria,Vienna,1.57,0.0602,45658972.91143705,1106619.4811631967,0.06277491295524484,0.024236626682550742,65,1.0,0.0
Austria,Vienna,1.66,0.0602,38371911.3549295,37527024.24167405,0.1518980048171008,0.9779816255322682,100,0.55,44.99999999999999
Austria,Vienna,1.66,0.0602,41490786.3549295,34774254.347742446,0.13972943500833246,0.8381199153534706,100,0.7,30.000000000000004
Austria,Vienna,1.61,0.0602,43663379.63318328,31372531.332606077,0.12916348152421264,0.7185090021928489,100,0.85,15.000000000000002
Austria,Vienna,1.57,0.0602,45658972.91143705,28065219.62904314,0.11984810372996857,0.6146704106437121,100,1.0,0.0
Belgium,Brussels,1.71,0.0592,40174003.94857859,-22486713.677870136,-0.012969728419083282,-0.5597329483676159,35,0.55,44.99999999999999
Belgium,Brussels,1.66,0.0592,42491812.46672061,-25161616.428476498,-0.01851041397689346,-0.5921521104373451,35,0.7,30.000000000000004
Belgium,Brussels,1.66,0.0592,45610687.46672061,-28280491.428476498,-0.023515022718687106,-0.6200408939047691,35,0.85,15.000000000000002
Belgium,Brussels,1.61,0.0592,47666376.01221225,-30712243.901287433,-0.028070568678500996,-0.6443167379332315,35,1.0,0.0
Belgium,Brussels,1.8,0.0592,41769376.85759531,-12258454.064779421,0.025480016441347564,-0.29347945760771754,50,0.55,44.99999999999999
Belgium,Brussels,1.76,0.0592,44267940.403086945,-14896479.402233616,0.01998458319792662,-0.3365071712528744,50,0.7,30.000000000000004
Belgium,Brussels,1.71,0.0592,46589503.94857858,-17399701.88383101,0.015108104704490755,-0.37346827952998335,50,0.85,15.000000000000002
Belgium,Brussels,1.71,0.0592,49797253.94857858,-20194258.06162838,0.010746202412607708,-0.4055295515387512,50,1.0,0.0
Belgium,Brussels,1.8,0.0592,41769376.85759531,-1892283.5839494504,0.054336073425717224,-0.045303131775243595,65,0.55,44.99999999999999
Belgium,Brussels,1.8,0.0592,45154126.85759531,-4841040.196154144,0.04752062745103758,-0.10721146732438343,65,0.7,30.000000000000004
Belgium,Brussels,1.76,0.0592,47564190.403086945,-7620596.482696679,0.04151043112827635,-0.16021709647773377,65,0.85,15.000000000000002
Belgium,Brussels,1.71,0.0592,49797253.94857858,-10271169.18694755,0.03614071088065707,-0.20625975073954317,65,1.0,0.0
Belgium,Brussels,1.85,0.0592,42567063.312103674,22754257.017871104,0.11126821967509337,0.5345507828678676,100,0.55,44.99999999999999
Belgium,Brussels,1.85,0.0592,46040313.312103674,19728400.188462723,0.10150466817992587,0.4285027353034165,100,0.7,30.000000000000004
Belgium,Brussels,1.8,0.0592,48538876.85759531,16397934.313577738,0.09297867720387498,0.3378309383154136,100,0.85,15.000000000000002
Belgium,Brussels,1.76,0.0592,50860440.403086945,13185338.856224243,0.08543390629595438,0.25924547156347405,100,1.0,0.0
Bulgaria,Sofia,1.8,0.08,27886055.764164057,3257709.9434719766,0.09359081941863678,0.11682218421360291,35,0.55,44.99999999999999
Bulgaria,Sofia,1.71,0.08,30224438.567101635,64101.57535148243,0.08025160623953242,0.002120852475362603,35,0.7,30.000000000000004
Bulgaria,Sofia,1.66,0.08,32817913.088915627,-2929861.7208166225,0.06921753099768546,-0.08927629593260743,35,0.85,15.000000000000002
Bulgaria,Sofia,1.61,0.08,35236604.490384415,-5782538.526423106,0.05985049515248542,-0.16410600879551493,35,1.0,0.0
Bulgaria,Sofia,1.8,0.08,27886055.764164057,17628407.96416726,0.14913967300783382,0.6321585280203469,50,0.55,44.99999999999999
Bulgaria,Sofia,1.71,0.08,30224438.567101635,13946288.117512597,0.13130553079655383,0.4614242241936199,50,0.7,30.000000000000004
Bulgaria,Sofia,1.66,0.08,32817913.088915627,10693462.036957085,0.11679566926040308,0.32584223158811526,50,0.85,15.000000000000002
Bulgaria,Sofia,1.61,0.08,35236604.490384415,7570932.997967738,0.10461988639071773,0.21485989094192492,50,1.0,0.0
Bulgaria,Sofia,1.8,0.08,27886055.764164057,31999105.984862547,0.20107158679848114,1.147494871827091,65,0.55,44.99999999999999
Bulgaria,Sofia,1.76,0.08,30747622.165632844,28312816.144771054,0.17847725961915772,0.920813193041535,65,0.7,30.000000000000004
Bulgaria,Sofia,1.66,0.08,32817913.088915627,24316785.794730797,0.16028036795498268,0.7409607591088381,65,0.85,15.000000000000002
Bulgaria,Sofia,1.61,0.08,35236604.490384415,20924404.522358585,0.14515082373368027,0.5938257906793649,65,1.0,0.0
Bulgaria,Sofia,1.85,0.08,28320739.36269527,66570705.96137667,0.3179992249579837,2.350599153109157,100,0.55,44.99999999999999
Bulgaria,Sofia,1.76,0.08,30747622.165632844,61284819.83802606,0.2835182849811737,1.993156397847414,100,0.7,30.000000000000004
Bulgaria,Sofia,1.66,0.08,32817913.088915627,56104541.22953611,0.2560488753760377,1.7095706566571909,100,0.85,15.000000000000002
Bulgaria,Sofia,1.66,0.08,35936788.08891563,53118839.39987685,0.2335129264161233,1.478118725258612,100,1.0,0.0
Croatia,Zagreb,1.76,0.0636,29888834.564238742,208832.37227301148,0.06435866758773967,0.006986969392338713,35,0.55,44.99999999999999
Croatia,Zagreb,1.71,0.0636,32596458.289248943,-2730740.5783766108,0.05432155595260668,-0.08377414976022936,35,0.7,30.000000000000004
Croatia,Zagreb,1.66,0.0636,35124212.83512783,-5526049.382712516,0.04586041369865379,-0.15732877512875953,35,0.85,15.000000000000002
Croatia,Zagreb,1.61,0.0636,37477461.56013803,-8185217.556079264,0.038568684599693315,-0.21840373428026583,35,1.0,0.0
Croatia,Zagreb,1.8,0.0636,30388960.83922854,14221863.561074618,0.110770776358049,0.4679944021881749,50,0.55,44.99999999999999
Croatia,Zagreb,1.71,0.0636,32596458.289248943,10780875.059857199,0.0975487772631376,0.3307376207620991,50,0.7,30.000000000000004
Croatia,Zagreb,1.66,0.0636,35124212.83512783,7721243.489654389,0.08654602204620687,0.21982680511297753,50,0.85,15.000000000000002
Croatia,Zagreb,1.61,0.0636,37477461.56013803,4788189.295477277,0.07714549164377305,0.12776183594489002,50,1.0,0.0
Croatia,Zagreb,1.8,0.0636,30388960.83922854,28236711.47434783,0.1529867324008427,0.9291766054039462,65,0.55,44.99999999999999
Croatia,Zagreb,1.76,0.0636,33185084.564238742,24740489.00697743,0.13648319400841857,0.7455303890844545,65,0.7,30.000000000000004
Croatia,Zagreb,1.66,0.0636,35124212.83512783,20968536.362021286,0.12285041746631342,0.5969823853547144,65,0.85,15.000000000000002
Croatia,Zagreb,1.66,0.0636,38243087.83512783,18127160.115653742,0.11132032136899017,0.47399833909340366,65,1.0,0.0
Croatia,Zagreb,1.85,0.0636,30889087.11421834,61956980.45725024,0.2455424050748567,2.0057886537129566,100,0.55,44.99999999999999
Croatia,Zagreb,1.76,0.0636,33185084.564238742,56864219.47980124,0.22082465379212546,1.713547523729376,100,0.7,30.000000000000004
Croatia,Zagreb,1.71,0.0636,35804208.28924894,52897250.170979895,0.20068543215282397,1.4774031517089443,100,0.85,15.000000000000002
Croatia,Zagreb,1.66,0.0636,38243087.83512783,49037510.151176505,0.18388333178591654,1.2822581262942256,100,1.0,0.0
Cyprus,Nicosia,1.57,0.0754,29217227.54548472,5060747.508520211,0.0948759779973869,0.17321107899925664,35,0.55,44.99999999999999
Cyprus,Nicosia,1.52,0.0754,31527771.62728461,2269876.1919315676,0.08363016285257019,0.07199608709317035,35,0.7,30.000000000000004
Cyprus,Nicosia,1.47,0.0754,33663604.55262121,-395674.1041408125,0.07403557630534263,-0.011753765213178974,35,0.85,15.000000000000002
Cyprus,Nicosia,1.43,0.0754,35622437.4779578,-2938937.5324636786,0.06568409018034149,-0.08250242657544739,35,1.0,0.0
Cyprus,Nicosia,1.57,0.0754,29217227.54548472,21025118.249036375,0.1513413419143741,0.7196137352972641,50,0.55,44.99999999999999
Cyprus,Nicosia,1.52,0.0754,31527771.62728461,17915054.280915074,0.13620567278857654,0.5682309074267436,50,0.7,30.000000000000004
Cyprus,Nicosia,1.47,0.0754,33663604.55262121,14913548.899817143,0.12343953961072329,0.4430169941102134,50,0.85,15.000000000000002
Cyprus,Nicosia,1.47,0.0754,36428104.55262121,12302588.454765327,0.1124871822960718,0.3377224427637722,50,1.0,0.0
Cyprus,Nicosia,1.57,0.0754,29217227.54548472,36989488.989552535,0.2041782615421175,1.2660163915952714,65,0.55,44.99999999999999
Cyprus,Nicosia,1.52,0.0754,31527771.62728461,33560232.36989858,0.18491504017940907,1.064465727760317,65,0.7,30.000000000000004
Cyprus,Nicosia,1.47,0.0754,33663604.55262121,30222771.903775096,0.16879679019725669,0.8977877534336057,65,0.85,15.000000000000002
Cyprus,Nicosia,1.47,0.0754,36428104.55262121,27611811.45872328,0.1551044283729972,0.7579810093834941,65,1.0,0.0
Cyprus,Nicosia,1.61,0.0754,29757394.620148122,75622026.10403378,0.32324668574826143,2.5412851853915885,100,0.55,44.99999999999999
Cyprus,Nicosia,1.52,0.0754,31527771.62728461,70065647.91086008,0.29368243700761054,2.2223469752053204,100,0.7,30.000000000000004
Cyprus,Nicosia,1.52,0.0754,34380771.62728461,67371102.7309965,0.26925178683462714,1.9595576114856812,100,0.85,15.000000000000002
Cyprus,Nicosia,1.47,0.0754,36428104.55262121,63333331.80129184,0.24862845514105136,1.7385843314961784,100,1.0,0.0
Czech Republic,Prague,1.9,0.0729,32025545.134638924,-7374842.36671708,0.04515288763786085,-0.2302799947889233,35,0.55,44.99999999999999
Czech Republic,Prague,1.85,0.0729,34980726.08032695,-10408150.504426917,0.03636036087846062,-0.29753957881052756,35,0.7,30.000000000000004
Czech Republic,Prague,1.8,0.0729,37761092.97139183,-13298078.785664292,0.028908137186515415,-0.3521635032052448,35,0.85,15.000000000000002
Czech Republic,Prague,1.76,0.0729,40364459.862456694,-16041733.508356025,0.022483539912833583,-0.3974222264590878,35,1.0,0.0
Czech Republic,Prague,1.95,0.0729,32541428.243574053,3983755.488134821,0.08658005285402082,0.12242103998374725,50,0.55,44.99999999999999
Czech Republic,Prague,1.9,0.0729,35587670.13463892,683017.8372495652,0.07508432882068838,0.019192541536591244,50,0.7,30.000000000000004
Czech Republic,Prague,1.85,0.0729,38453976.08032695,-2473921.6847353876,0.06545464952828062,-0.06433461339778192,50,0.85,15.000000000000002
Czech Republic,Prague,1.8,0.0729,41145842.97139183,-5493936.230810609,0.05720859315112281,-0.13352348218094526,50,1.0,0.0
Czech Republic,Prague,1.99,0.0729,33057311.352509182,15713925.72464122,0.123492815998695,0.47535401645568104,65,0.55,44.99999999999999
Czech Republic,Prague,1.9,0.0729,35587670.13463892,11963229.69635517,0.10928381399909326,0.33616220592960017,65,0.7,30.000000000000004
Czech Republic,Prague,1.85,0.0729,38453976.08032695,8602261.13326092,0.0974922014668047,0.22370277433188077,65,0.85,15.000000000000002
Czech Republic,Prague,1.8,0.0729,41145842.97139183,5372101.896133205,0.08746315114450365,0.1305624458798513,65,1.0,0.0
Czech Republic,Prague,1.99,0.0729,33057311.352509182,42945947.8541962,0.20258040501884667,1.2991361395437995,100,0.55,44.99999999999999
Czech Republic,Prague,1.95,0.0729,36192053.24357405,38942684.07664014,0.18168871015761612,1.0760009611655414,100,0.7,30.000000000000004
Czech Republic,Prague,1.85,0.0729,38453976.08032695,34446687.708585635,0.16459105295270282,0.8957900123677602,100,0.85,15.000000000000002
Czech Republic,Prague,1.8,0.0729,41145842.97139183,30726190.85900213,0.1502489608948374,0.7467629446883772,100,1.0,0.0
Denmark,Copenhagen,1.52,0.0457,39505763.889177024,-23316594.710534897,-0.027494129622844365,-0.5902074131750353,35,0.55,44.99999999999999
Denmark,Copenhagen,1.52,0.0457,42358763.889177024,-26169594.710534897,-0.03222883430915091,-0.6178082717192185,35,0.7,30.000000000000004
Denmark,Copenhagen,1.47,0.0457,44158619.662330836,-28342294.41908879,-0.03653866714570264,-0.6418292654031023,35,0.85,15.000000000000002
Denmark,Copenhagen,1.47,0.0457,46923119.662330836,-31106794.41908879,-0.040499034243732246,-0.6629310805193723,35,1.0,0.0
Denmark,Copenhagen,1.61,0.0457,41261764.81840688,-11486634.454642855,0.015874117583039693,-0.27838446816794093,50,0.55,44.99999999999999
Denmark,Copenhagen,1.57,0.0457,43327495.59156069,-13810825.874971123,0.011071329918987516,-0.31875430800715815,50,0.7,30.000000000000004
Denmark,Copenhagen,1.57,0.0457,46269370.59156069,-16371571.615257215,0.006764563883298491,-0.3538317337353906,50,0.85,15.000000000000002
Denmark,Copenhagen,1.52,0.0457,48064763.889177024,-18485658.5926982,0.0028744208605293586,-0.38459896807816646,50,1.0,0.0
Denmark,Copenhagen,1.66,0.0457,42137909.04525307,-214968.19956869143,0.045194510982364156,-0.005101539313159349,65,0.55,44.99999999999999
Denmark,Copenhagen,1.61,0.0457,44292139.81840688,-2849996.5715342555,0.03923191913470747,-0.06434542524291989,65,0.7,30.000000000000004
Denmark,Copenhagen,1.61,0.0457,47322514.81840688,-5487776.855441431,0.03388531167710718,-0.11596545273428428,65,0.85,15.000000000000002
Denmark,Copenhagen,1.57,0.0457,49211245.59156069,-7928597.216814439,0.0290795347024686,-0.16111352438870447,65,1.0,0.0
Denmark,Copenhagen,1.66,0.0457,42137909.04525307,26703769.38368415,0.10186564656422692,0.6337231720493353,100,0.55,44.99999999999999
Denmark,Copenhagen,1.66,0.0457,45256784.04525307,23988954.556155883,0.09332168048010647,0.5300631731182864,100,0.7,30.000000000000004
Denmark,Copenhagen,1.61,0.0457,47322514.81840688,20819198.8675954,0.08573700988868316,0.4399427829963387,100,0.85,15.000000000000002
Denmark,Copenhagen,1.61,0.0457,50352889.81840688,18181418.583688214,0.07896304959148326,0.3610799429637077,100,1.0,0.0
Estonia,Tallinn,1.99,0.053,33555485.56711546,-9536379.63250248,0.021445714304874297,-0.28419733677906234,35,0.55,44.99999999999999
Estonia,Tallinn,1.95,0.053,36678436.352509186,-12604044.97240744,0.014064073973858227,-0.34363637673297903,35,0.7,30.000000000000004
Estonia,Tallinn,1.85,0.053,38916727.01560761,-15245551.584248707,0.0078113017841972,-0.3917480413533866,35,0.85,15.000000000000002
Estonia,Tallinn,1.8,0.053,41596802.801001325,-17956702.38720404,0.002398616017413202,-0.43168467713994074,35,1.0,0.0
Estonia,Tallinn,2.09,0.053,34613069.90401704,1717894.54936242,0.05804398455220383,0.04963138358216094,50,0.55,44.99999999999999
Estonia,Tallinn,1.99,0.053,37294610.56711546,-1635354.9547014376,0.04844997282457442,-0.043849632154180807,50,0.7,30.000000000000004
Estonia,Tallinn,1.9,0.053,39624387.1379029,-4738454.302594759,0.04035723077502862,-0.11958429252429162,50,0.85,15.000000000000002
Estonia,Tallinn,1.85,0.053,42389977.0156076,-7720386.647647481,0.033416618442557056,-0.18212764410806134,50,1.0,0.0
Estonia,Tallinn,2.09,0.053,34613069.90401704,13292212.129160333,0.08976735776397815,0.38402291868418464,65,0.55,44.99999999999999
Estonia,Tallinn,1.99,0.053,37294610.56711546,9554672.232720248,0.07802766227969582,0.2561944497456446,65,0.7,30.000000000000004
Estonia,Tallinn,1.95,0.053,40329061.35250918,6167495.941028551,0.06821620817431118,0.1529293203012974,65,0.85,15.000000000000002
Estonia,Tallinn,1.9,0.053,43186512.1379029,2916373.70491615,0.059832994867444755,0.06752973464501147,65,1.0,0.0
Estonia,Tallinn,2.13,0.053,35140744.118623324,40929691.87344392,0.15554445449285126,1.1647360606616368,100,0.55,44.99999999999999
Estonia,Tallinn,2.04,0.053,37913395.68941076,36272290.40885813,0.13868289096920616,0.9567143683463047,100,0.7,30.000000000000004
Estonia,Tallinn,1.99,0.053,41033735.56711546,32375733.16041688,0.12480566284136985,0.7890028220185459,100,0.85,15.000000000000002
Estonia,Tallinn,1.9,0.053,43186512.1379029,28088695.916410998,0.11309162586820132,0.6504043629806998,100,1.0,0.0
Finland,Helsinki,1.57,0.0584,35174119.75136402,-17177454.365501765,-0.0020448208809421553,-0.48835491796026076,35,0.55,44.99999999999999
Finland,Helsinki,1.52,0.0584,37304704.18334959,-19670362.279921975,-0.008114071391458366,-0.5272890567163794,35,0.7,30.000000000000004
Finland,Helsinki,1.52,0.0584,40157704.18334959,-22523362.279921975,-0.013575709222241716,-0.560872757493461,35,0.85,15.000000000000002
Finland,Helsinki,1.52,0.0584,43010704.18334959,-25376362.279921975,-0.018533843838536068,-0.5900010883743153,35,1.0,0.0
Finland,Helsinki,1.66,0.0584,36612854.55348561,-7726513.055834719,0.034848023803252026,-0.21103279572335726,50,0.55,44.99999999999999
Finland,Helsinki,1.61,0.0584,38923862.15242481,-10290816.511875018,0.028426134602786535,-0.2643832328759272,50,0.7,30.000000000000004
Finland,Helsinki,1.57,0.0584,41057869.75136402,-12721273.727489168,0.022761848357580217,-0.3098376463398114,50,0.85,15.000000000000002
Finland,Helsinki,1.52,0.0584,43010704.18334959,-15012171.527499262,0.017715247615024632,-0.34903338163225917,50,1.0,0.0
Finland,Helsinki,1.66,0.0584,36612854.55348561,2379498.7373282467,0.0651855778480428,0.06499080080882998,65,0.55,44.99999999999999
Finland,Helsinki,1.61,0.0584,38923862.15242481,-404533.9647300183,0.05729774582593916,-0.010392955435559658,65,0.7,30.000000000000004
Finland,Helsinki,1.61,0.0584,41954237.15242481,-3120233.965672506,0.05039689141454273,-0.0743723203531581,65,0.85,15.000000000000002
Finland,Helsinki,1.57,0.0584,43999744.75136402,-5698542.50121203,0.04427397290039248,-0.12951308089202884,65,1.0,0.0
Finland,Helsinki,1.71,0.0584,37335270.121500045,26493739.282163642,0.1258359616900122,0.7096169170852429,100,0.55,44.99999999999999
Finland,Helsinki,1.66,0.0584,39731729.55348561,23165182.785520878,0.1145821154896427,0.5830398788539178,100,0.7,30.000000000000004
Finland,Helsinki,1.61,0.0584,41954237.15242481,19947758.644332502,0.10482327751078224,0.47546469673277303,100,0.85,15.000000000000002
Finland,Helsinki,1.61,0.0584,44984612.15242481,17232058.64339002,0.09627100867885097,0.3830656266414238,100,1.0,0.0
France,Paris,1.8,0.0535,36986081.83446397,-13902268.18939444,0.010332792592123274,-0.3758783709941446,35,0.55,44.99999999999999
France,Paris,1.76,0.0535,39609712.699417055,-16301119.2754905,0.005584189887440472,-0.41154348680066055,35,0.7,30.000000000000004
France,Paris,1.71,0.0535,42056343.56437013,-18577686.911381043,0.0014071238201054381,-0.4417332877012147,35,0.85,15.000000000000002
France,Paris,1.66,0.0535,44321999.34824251,-20991434.562091388,-0.0034075737899789127,-0.47361208588898546,35,1.0,0.0
France,Paris,1.85,0.0535,37658700.96951089,-4221198.505085269,0.04164761413012141,-0.11209092178996884,50,0.55,44.99999999999999
France,Paris,1.8,0.0535,40370831.83446397,-6876897.444185293,0.03520844227282249,-0.17034321889584128,50,0.7,30.000000000000004
France,Paris,1.76,0.0535,42905962.699417055,-9405734.330371516,0.029630755263329256,-0.21921741731480385,50,0.85,15.000000000000002
France,Paris,1.71,0.0535,45264093.56437013,-11808108.572107937,0.02473410446080626,-0.260871424616415,50,1.0,0.0
France,Paris,1.9,0.0535,38334170.18563852,5831700.588587223,0.06867495584148697,0.15212799860663231,65,0.55,44.99999999999999
France,Paris,1.85,0.0535,41131950.96951089,2929562.93261215,0.060717511682566894,0.07122353458953824,65,0.7,30.000000000000004
France,Paris,1.8,0.0535,43755581.83446397,148473.30102386454,0.05384884173406723,0.003393242525846609,65,0.85,15.000000000000002
France,Paris,1.76,0.0535,46202212.699417055,-2510349.3852525386,0.04783997758890557,-0.054333964513440115,65,1.0,0.0
France,Paris,1.95,0.0535,39006789.32068544,30012422.174220413,0.12386771523938589,0.7694153427363661,100,0.55,44.99999999999999
France,Paris,1.9,0.0535,41896295.18563852,26614084.818752766,0.11245651696469072,0.635237189847653,100,0.7,30.000000000000004
France,Paris,1.85,0.0535,44605200.96951089,23334623.86572386,0.10272225278410696,0.5231368396181835,100,0.85,15.000000000000002
France,Paris,1.8,0.0535,47140331.83446397,20166169.899493963,0.0942707005798642,0.42779015579077057,100,1.0,0.0
Germany,Berlin,1.66,0.0462,37362545.75527803,-13885470.448440392,0.004980900962043178,-0.3716414437974655,35,0.55,44.99999999999999
Germany,Berlin,1.61,0.0462,39652280.40440083,-16153850.082641598,0.0002974152827510679,-0.4073876689535554,35,0.7,30.000000000000004
Germany,Berlin,1.61,0.0462,42682655.40440083,-19013562.942196064,-0.004977683296853774,-0.4454634502481224,35,0.85,15.000000000000002
Germany,Berlin,1.57,0.0462,44706890.053523645,-21553256.809895594,-0.010122891563057457,-0.482101456488961,35,1.0,0.0
Germany,Berlin,1.71,0.0462,38106324.41272674,-2854503.0127866515,0.03863987934401858,-0.07490890440835342,50,0.55,44.99999999999999
Germany,Berlin,1.66,0.0462,40481420.75527803,-5383343.654053675,0.03257194418783338,-0.1329830710882791,50,0.7,30.000000000000004
Germany,Berlin,1.66,0.0462,43600295.75527803,-7952945.310807496,0.027244166202719855,-0.18240576521421312,50,0.85,15.000000000000002
Germany,Berlin,1.61,0.0462,45713030.40440083,-10289934.258697018,0.02250569748666731,-0.22509849309194774,50,1.0,0.0
Germany,Berlin,1.76,0.0462,38846964.763603926,8641166.148539677,0.06723654962489611,0.22244121776627615,65,0.55,44.99999999999999
Germany,Berlin,1.71,0.0462,41314074.41272673,5820863.724799358,0.05973304169569604,0.1408929960925435,65,0.7,30.000000000000004
Germany,Berlin,1.66,0.0462,43600295.75527803,3118783.1403330406,0.053169818565316884,0.07153123817871113,65,0.85,15.000000000000002
Germany,Berlin,1.66,0.0462,46719170.75527803,549181.4835792218,0.04736068016911599,0.011754949300275815,65,1.0,0.0
Germany,Berlin,1.8,0.0462,39587605.11448112,36297304.71981775,0.1250690329115427,0.9168855912059257,100,0.55,44.99999999999999
Germany,Berlin,1.76,0.0462,42143214.763603926,32892464.11398994,0.11430028429574013,0.7804925252735301,100,0.7,30.000000000000004
Germany,Berlin,1.71,0.0462,44521824.41272673,29587152.30573832,0.10496807512361017,0.6645539057757193,100,0.85,15.000000000000002
Germany,Berlin,1.66,0.0462,46719170.75527803,26383214.536240455,0.096776143166593,0.5647192385849411,100,1.0,0.0
Greece,Athens,1.66,0.0757,27589528.688567102,4421169.10418362,0.0937684058334709,0.16024808375997085,35,0.55,44.99999999999999
Greece,Athens,1.61,0.0757,30156578.71916686,1597681.0338695394,0.08178088365043568,0.05297951895498306,35,0.7,30.000000000000004
Greece,Athens,1.57,0.0757,32546628.749766614,-1091685.6382933536,0.07178703573751344,-0.03354220330120003,35,0.85,15.000000000000002
Greece,Athens,1.52,0.0757,34756590.538970605,-3645484.8397671413,0.06328061096426296,-0.10488614628870645,35,1.0,0.0
Greece,Athens,1.66,0.0757,27589528.688567102,18407958.848817382,0.14651686532282326,0.6672081664245865,50,0.55,44.99999999999999
Greece,Athens,1.61,0.0757,30156578.71916686,15327615.346962266,0.1304841793738214,0.5082677146403338,50,0.7,30.000000000000004
Greece,Athens,1.57,0.0757,32546628.749766614,12370412.297584835,0.11726327598601993,0.38008275427523475,50,0.85,15.000000000000002
Greece,Athens,1.52,0.0757,34756590.538970605,9537052.826656586,0.10611483523444276,0.2743955226552854,50,1.0,0.0
Greece,Athens,1.71,0.0757,28054816.899363115,32948810.446504187,0.19592617516124244,1.1744439667774902,65,0.55,44.99999999999999
Greece,Athens,1.61,0.0757,30156578.71916686,29057549.660054978,0.1756171747268509,0.9635559103256841,65,0.7,30.000000000000004
Greece,Athens,1.57,0.0757,32546628.749766614,25832510.233463038,0.15902907145715428,0.79370771185167,65,0.85,15.000000000000002
Greece,Athens,1.52,0.0757,34756590.538970605,22719590.49308032,0.1451449283169879,0.6536771915992774,65,1.0,0.0
Greece,Athens,1.71,0.0757,28054816.899363115,66159191.52124443,0.30700442495928426,2.3582114885499874,100,0.55,44.99999999999999
Greece,Athens,1.66,0.0757,30708403.688567102,62215787.177374996,0.2760884547501641,2.02601827852544,100,0.7,30.000000000000004
Greece,Athens,1.57,0.0757,32546628.749766614,57244072.08384548,0.25111685272468165,1.7588326128633514,100,0.85,15.000000000000002
Greece,Athens,1.52,0.0757,34756590.538970605,53478845.04806902,0.23043386825636047,1.5386677524685919,100,1.0,0.0
Hungary,Budapest,1.85,0.0826,29407003.149873108,-1073423.408368418,0.07817590281791653,-0.03650230534875329,35,0.55,44.99999999999999
Hungary,Budapest,1.76,0.0826,31778528.95566666,-4242213.238655805,0.06609836924743728,-0.13349306522570625,35,0.7,30.000000000000004
Hungary,Budapest,1.71,0.0826,34435416.85856344,-7269377.9788538115,0.05603184917095172,-0.21110178537147734,35,0.85,15.000000000000002
Hungary,Budapest,1.66,0.0826,36912220.60003181,-10143074.129015565,0.04744233739748838,-0.2747890526262954,35,1.0,0.0
Hungary,Budapest,1.9,0.0826,29871324.408404734,12521247.99267176,0.13015466568326284,0.4191728435431783,50,0.55,44.99999999999999
Hungary,Budapest,1.8,0.0826,32329391.052769884,8849274.07874979,0.11418781346504603,0.2737222629496949,50,0.7,30.000000000000004
Hungary,Budapest,1.71,0.0826,34435416.85856344,5418698.209066559,0.10105113060632998,0.15735828700209362,50,0.85,15.000000000000002
Hungary,Budapest,1.66,0.0826,36912220.60003181,2291325.6681225183,0.08998797688007132,0.062074988469280654,50,1.0,0.0
Hungary,Budapest,1.9,0.0826,29871324.408404734,26144241.62342538,0.17806914794234108,0.8752287399774386,65,0.55,44.99999999999999
Hungary,Budapest,1.8,0.0826,32329391.052769884,22019355.87784572,0.1579643957391974,0.6810940497426773,65,0.7,30.000000000000004
Hungary,Budapest,1.76,0.0826,35074778.95566666,18451571.247733656,0.14161289583609116,0.5260637927627662,65,0.85,15.000000000000002
Hungary,Budapest,1.71,0.0826,37643166.85856344,15019606.427188857,0.1279483980502234,0.3989995444225503,65,1.0,0.0
Hungary,Budapest,1.95,0.0826,30333686.505507957,58829069.168595,0.2846148718615362,1.9393972822232761,100,0.55,44.99999999999999
Hungary,Budapest,1.85,0.0826,32880253.149873108,53650294.99745735,0.2541433397102595,1.6316874068125717,100,0.7,30.000000000000004
Hungary,Budapest,1.76,0.0826,35074778.95566666,48628717.85863114,0.2297116706753708,1.3864297739437275,100,0.85,15.000000000000002
Hungary,Budapest,1.71,0.0826,37643166.85856344,44625117.532336384,0.20954935089744375,1.1854772394683533,100,1.0,0.0
Ireland,Dublin,1.71,0.0506,40378080.458339386,-22562585.26652619,-0.018811840912886124,-0.558783008266216,35,0.55,44.99999999999999
Ireland,Dublin,1.66,0.0506,42690234.76408799,-25235083.63551508,-0.024177328103159423,-0.5911207510328197,35,0.7,30.000000000000004
Ireland,Dublin,1.66,0.0506,45809109.76408799,-28353958.63551508,-0.02903128942934019,-0.6189589533945307,35,0.85,15.000000000000002
Ireland,Dublin,1.61,0.0506,47859167.95462246,-30783230.842136502,-0.033455153151089156,-0.6432044717393235,35,1.0,0.0
Ireland,Dublin,1.8,0.0506,41984714.07727043,-10185951.91278795,0.024260319586191015,-0.24261096298146262,50,0.55,44.99999999999999
Ireland,Dublin,1.76,0.0506,44477647.267804906,-13066903.41241081,0.01817403536443485,-0.2937858500863033,50,0.7,30.000000000000004
Ireland,Dublin,1.71,0.0506,46793580.458339386,-15801054.944097899,0.012758721112079208,-0.3376756980194255,50,0.85,15.000000000000002
Ireland,Dublin,1.71,0.0506,50001330.458339386,-18784108.82025961,0.007903714731634093,-0.3756721800814949,50,1.0,0.0
Ireland,Dublin,1.85,0.0506,42788030.88673596,2553100.402058582,0.05658614949623386,0.05966856499699377,65,0.55,44.99999999999999
Ireland,Dublin,1.8,0.0506,45369464.07727043,-658298.2747297229,0.04912030828992031,-0.014509721199451472,65,0.7,30.000000000000004
Ireland,Dublin,1.76,0.0506,47773897.267804906,-3728845.5100085633,0.04251813349790878,-0.07805194307481071,65,0.85,15.000000000000002
Ireland,Dublin,1.76,0.0506,51070147.267804906,-6794200.1477758605,0.03662746844828901,-0.13303662729124313,65,1.0,0.0
Ireland,Dublin,1.95,0.0506,44398068.39045288,34012818.4237012,0.11956789430166959,0.7660877974370419,100,0.55,44.99999999999999
Ireland,Dublin,1.85,0.0506,46261280.88673596,29520501.983164664,0.10888385133808876,0.638125478095631,100,0.7,30.000000000000004
Ireland,Dublin,1.85,0.0506,49734530.88673596,26290545.822186206,0.09955024232876042,0.5286175490839466,100,0.85,15.000000000000002
Ireland,Dublin,1.8,0.0506,52138964.07727043,22622112.01386376,0.09130499263622194,0.4338811177824243,100,1.0,0.0
Italy,Rome,1.61,0.0694,31522977.640568707,-2352152.098541487,0.06089954003431042,-0.07461706585466625,35,0.55,44.99999999999999
Italy,Rome,1.57,0.0694,33873122.938406326,-4928685.554161329,0.05255139370453388,-0.14550431512097287,35,0.7,30.000000000000004
Italy,Rome,1.52,0.0694,36043010.90699749,-7368794.608079749,0.045371872818276815,-0.2044444795994874,35,0.85,15.000000000000002
Italy,Rome,1.47,0.0694,38038781.20483511,-9682655.89643923,0.0390706017347493,-0.25454695418076295,35,1.0,0.0
Italy,Rome,1.66,0.0694,32114707.34273109,11015084.164052218,0.10574979735732581,0.34299188986834706,50,0.55,44.99999999999999
Italy,Rome,1.57,0.0694,33873122.938406326,7959036.305928675,0.09468402355701833,0.23496612108665332,50,0.7,30.000000000000004
Italy,Rome,1.57,0.0694,36814997.938406326,5348068.41101523,0.08525531331233038,0.14526874128752815,50,0.85,15.000000000000002
Italy,Rome,1.52,0.0694,38896010.90699749,2703811.736766436,0.07708786697720393,0.06951385691533765,50,1.0,0.0
Italy,Rome,1.66,0.0694,32114707.34273109,24438722.570713535,0.1464431211192052,0.7609822599316026,65,0.55,44.99999999999999
Italy,Rome,1.61,0.0694,34553352.6405687,21279109.634481106,0.1326034011953463,0.6158334288377431,65,0.7,30.000000000000004
Italy,Rome,1.57,0.0694,36814997.938406326,18235790.27110524,0.12089577843891752,0.49533590363402435,65,0.85,15.000000000000002
Italy,Rome,1.52,0.0694,38896010.90699749,15308507.787731353,0.11081816427700186,0.3935752646803509,65,1.0,0.0
Italy,Rome,1.66,0.0694,32114707.34273109,55760545.51958991,0.23524812442144616,1.7362931234125312,100,0.55,44.99999999999999
Italy,Rome,1.61,0.0694,34553352.6405687,51986680.464744605,0.21453243230904806,1.504533612281305,100,0.7,30.000000000000004
Italy,Rome,1.57,0.0694,36814997.938406326,48307141.27798191,0.19720180203593363,1.3121592824425148,100,0.85,15.000000000000002
Italy,Rome,1.52,0.0694,38896010.90699749,44719465.23998282,0.1824391542813637,1.1497185494653819,100,1.0,0.0
Latvia,Riga,1.95,0.0587,32150638.769889843,-7681139.832389795,0.031803630354997114,-0.23891095562255024,35,0.55,44.99999999999999
Latvia,Riga,1.9,0.0587,35206354.34516524,-10765765.882336037,0.023550870423723058,-0.30579042001304124,35,0.7,30.000000000000004
Latvia,Riga,1.85,0.0587,38082174.1177935,-13701285.827522906,0.016574028194519475,-0.35978213284627364,35,0.85,15.000000000000002
Latvia,Riga,1.8,0.0587,40783514.6930689,-16494923.082062004,0.010551654390771104,-0.40445074943149256,35,1.0,0.0
Latvia,Riga,1.99,0.0587,32657048.194614444,3774147.6596923266,0.07065791686685174,0.11556916097256857,50,0.55,44.99999999999999
Latvia,Riga,1.95,0.0587,35801263.76988985,424962.3905419352,0.05995383308129032,0.011870038814086332,50,0.7,30.000000000000004
Latvia,Riga,1.9,0.0587,38768479.34516524,-2783691.7209873195,0.05097244058758954,-0.07180296385121099,50,0.85,15.000000000000002
Latvia,Riga,1.85,0.0587,41555424.1177935,-5848350.852113404,0.043294448938734575,-0.14073616083271343,50,1.0,0.0
Latvia,Riga,2.04,0.0587,33165603.421986185,15600502.49334034,0.10472739010301102,0.47038198867801795,65,0.55,44.99999999999999
Latvia,Riga,1.95,0.0587,35801263.76988985,11803695.130179716,0.09159670041823564,0.32970051577081616,65,0.7,30.000000000000004
Latvia,Riga,1.9,0.0587,38768479.34516524,8391676.459692739,0.08068728005676817,0.21645616752154745,65,0.85,15.000000000000002
Latvia,Riga,1.85,0.0587,41555424.1177935,5118205.473653728,0.07141885701321393,0.12316576192666454,65,1.0,0.0
Latvia,Riga,2.09,0.0587,33672012.846710786,43732816.78000879,0.1764473575548018,1.2987883135795604,100,0.55,44.99999999999999
Latvia,Riga,1.99,0.0587,36396173.19461444,39011029.803801656,0.15741777458094264,1.0718442731658981,100,0.7,30.000000000000004
Latvia,Riga,1.95,0.0587,39451888.76988985,35081441.00596182,0.14183455074734175,0.8892208231291678,100,0.85,15.000000000000002
Latvia,Riga,1.85,0.0587,41555424.1177935,30706836.900443662,0.12877187273649637,0.7389369150318787,100,1.0,0.0
Lithuania,Vilnius,1.85,0.0643,32700060.497617714,-9186552.301863741,0.03134964345410096,-0.28093380140789054,35,0.55,44.99999999999999
Lithuania,Vilnius,1.8,0.0643,35538539.79178336,-12158799.737183636,0.023376629596599807,-0.34212997518808563,35,0.7,30.000000000000004
Lithuania,Vilnius,1.76,0.0643,38200019.08594901,-14984382.194353975,0.01654515022266989,-0.39226111800204916,35,0.85,15.000000000000002
Lithuania,Vilnius,1.71,0.0643,40684498.38011466,-17663541.770079713,0.010592155879318721,-0.434159015678392,35,1.0,0.0
Lithuania,Vilnius,1.9,0.0643,33248645.909832723,2342808.132408086,0.07188650527395124,0.07046326454200773,50,0.55,44.99999999999999
Lithuania,Vilnius,1.85,0.0643,36173310.497617714,-902624.1800286971,0.06156139098738245,-0.024952766766761416,50,0.7,30.000000000000004
Lithuania,Vilnius,1.8,0.0643,38923289.79178336,-4009091.201957087,0.052795737080202576,-0.10299980354701156,50,0.85,15.000000000000002
Lithuania,Vilnius,1.76,0.0643,41496269.08594901,-6975933.525705994,0.04521875805805564,-0.16810989709116053,50,1.0,0.0
Lithuania,Vilnius,1.95,0.0643,33794916.615667075,14268771.389039706,0.10729893444966199,0.4222164993425316,65,0.55,44.99999999999999
Lithuania,Vilnius,1.85,0.0643,36173310.497617714,10581644.757092157,0.0946277308808563,0.29252630216935877,65,0.7,30.000000000000004
Lithuania,Vilnius,1.8,0.0643,38923289.79178336,7259411.999515407,0.08395916123806946,0.18650561240709554,65,0.85,15.000000000000002
Lithuania,Vilnius,1.76,0.0643,41496269.08594901,4069763.6601480176,0.07479864989554841,0.09807541135128396,65,1.0,0.0
Lithuania,Vilnius,1.95,0.0643,33794916.615667075,42028998.06232238,0.18186106862691243,1.2436485208795587,100,0.55,44.99999999999999
Lithuania,Vilnius,1.9,0.0643,36810770.90983272,38039318.44176888,0.16337309306660663,1.0333746754433766,100,0.7,30.000000000000004
Lithuania,Vilnius,1.85,0.0643,39646560.497617714,34177931.461755,0.14807349361906996,0.8620654864577392,100,0.85,15.000000000000002
Lithuania,Vilnius,1.8,0.0643,42308039.79178336,30433791.47003859,0.1351135648468853,0.7193382539067463,100,1.0,0.0
Luxembourg,Luxembourg,1.47,0.0449,42060496.02548943,-27915869.098921,-0.04146646522449049,-0.6637075578472369,35,0.55,44.99999999999999
Luxembourg,Luxembourg,1.47,0.0449,44824996.02548943,-30680369.098921,-0.045539782300783704,-0.6844477818018059,35,0.7,30.000000000000004
Luxembourg,Luxembourg,1.47,0.0449,47589496.02548943,-33444869.098920997,-0.049302464219043274,-0.7027783837216427,35,0.85,15.000000000000002
Luxembourg,Luxembourg,1.47,0.0449,50353996.02548943,-36209369.098921,-0.052796020015481226,-0.7190962377760773,35,1.0,0.0
Luxembourg,Luxembourg,1.57,0.0449,44036627.79028277,-15065341.869211432,0.0075250404630693435,-0.34210934454285774,50,0.55,44.99999999999999
Luxembourg,Luxembourg,1.52,0.0449,45899472.973673835,-17184073.23524232,0.0034978166293506696,-0.37438497921530467,50,0.7,30.000000000000004
Luxembourg,Luxembourg,1.52,0.0449,48752472.973673835,-19704343.61460905,-0.00042687497802651464,-0.4041711612301047,50,0.85,15.000000000000002
Luxembourg,Luxembourg,1.52,0.0449,51605472.973673835,-22431336.208700955,-0.004585046095464285,-0.43466971458907355,50,1.0,0.0
Luxembourg,Luxembourg,1.61,0.0449,45022604.73846718,-3644601.154873685,0.036756651130235296,-0.0809504731244425,65,0.55,44.99999999999999
Luxembourg,Luxembourg,1.57,0.0449,46978502.79028277,-6103448.855934057,0.0316595516287852,-0.1299200377496177,65,0.7,30.000000000000004
Luxembourg,Luxembourg,1.57,0.0449,49920377.79028277,-8628384.915888812,0.027070604963809863,-0.17284294105579398,65,0.85,15.000000000000002
Luxembourg,Luxembourg,1.57,0.0449,52862252.79028277,-11153320.975843579,0.02288719444158338,-0.21098837804153894,65,1.0,0.0
Luxembourg,Luxembourg,1.66,0.0449,46008581.686651595,24379485.082971707,0.09229814472439446,0.5298899507272768,100,0.55,44.99999999999999
Luxembourg,Luxembourg,1.66,0.0449,49127456.686651595,21702634.450639807,0.0849184763392894,0.441761815374754,100,0.7,30.000000000000004
Luxembourg,Luxembourg,1.61,0.0449,51083354.73846718,18623194.671336804,0.07832202852163417,0.3645648326481781,100,0.85,15.000000000000002
Luxembourg,Luxembourg,1.61,0.0449,54113729.73846718,16022301.325193455,0.07235444591778206,0.2960856958599894,100,1.0,0.0
Malta,Valletta,1.52,0.062,29610981.40675892,1946460.486748718,0.06898377690728696,0.06573441318984531,35,0.55,44.99999999999999
Malta,Valletta,1.47,0.062,31806273.124425177,-390588.4359654967,0.06067453356383834,-0.012280232721310244,35,0.7,30.000000000000004
Malta,Valletta,1.47,0.062,34570773.12442517,-2669598.746477678,0.053544218299207635,-0.07722126250603101,35,0.85,15.000000000000002
Malta,Valletta,1.43,0.062,36500564.84209143,-4819523.215277012,0.04735045898389956,-0.13203968859460696,35,1.0,0.0
Malta,Valletta,1.57,0.062,30182601.58859407,15294044.279917136,0.11229326466145784,0.5067172302899402,50,0.55,44.99999999999999
Malta,Valletta,1.52,0.062,32463981.40675892,12647034.511190476,0.10124945674926455,0.38957127139548553,50,0.7,30.000000000000004
Malta,Valletta,1.47,0.062,34570773.12442517,10103600.894560754,0.09185649991166867,0.2922584594274604,50,0.85,15.000000000000002
Malta,Valletta,1.43,0.062,36500564.84209143,7660726.765763604,0.08371967187918505,0.2098796771750082,50,1.0,0.0
Malta,Valletta,1.57,0.062,30182601.58859407,28613982.1462578,0.15204243997834244,0.9480290180509473,65,0.55,44.99999999999999
Malta,Valletta,1.52,0.062,32463981.40675892,25699576.85391447,0.13821147442749138,0.7916335501770551,65,0.7,30.000000000000004
Malta,Valletta,1.47,0.062,34570773.12442517,22876800.53559919,0.1265238177602388,0.661738181360952,65,0.85,15.000000000000002
Malta,Valletta,1.43,0.062,36500564.84209143,20140976.746804208,0.11645674867139233,0.551799042944623,65,1.0,0.0
Malta,Valletta,1.57,0.062,30182601.58859407,59693837.167719334,0.23937973446118388,1.97775652282663,100,0.55,44.99999999999999
Malta,Valletta,1.52,0.062,32463981.40675892,56155508.98693713,0.21869636896907774,1.7297788673340508,100,0.7,30.000000000000004
Malta,Valletta,1.47,0.062,34570773.12442517,52680933.03135553,0.20139509947791367,1.5238575325390986,100,0.85,15.000000000000002
Malta,Valletta,1.47,0.062,37335273.12442517,50401922.72084335,0.18666758365768965,1.3499813581883193,100,1.0,0.0
Netherlands,Amsterdam,1.66,0.0492,38670982.64371512,-18244467.590479027,-0.006482755471349022,-0.47178701815181706,35,0.55,44.99999999999999
Netherlands,Amsterdam,1.66,0.0492,41789857.64371512,-21363342.590479027,-0.01227933858230168,-0.511208790721782,35,0.7,30.000000000000004
Netherlands,Amsterdam,1.61,0.0492,43953964.58985955,-23957380.842682783,-0.017495562140858456,-0.5450561983710087,35,0.85,15.000000000000002
Netherlands,Amsterdam,1.61,0.0492,46984339.58985955,-26987755.842682783,-0.022228448993154903,-0.5743989609786373,35,1.0,0.0
Netherlands,Amsterdam,1.76,0.0492,40229814.37877311,-7291546.170911665,0.03005920964037423,-0.18124732324787912,50,0.55,44.99999999999999
Netherlands,Amsterdam,1.71,0.0492,42659796.32491754,-9899113.539395804,0.024322662223895675,-0.232047838766022,50,0.7,30.000000000000004
Netherlands,Amsterdam,1.66,0.0492,44908732.64371512,-12371691.542492716,0.019256503116582557,-0.2754852077577858,50,0.85,15.000000000000002
Netherlands,Amsterdam,1.66,0.0492,48027607.64371512,-15033267.936712883,0.014744373580527492,-0.31301304966582344,50,1.0,0.0
Netherlands,Amsterdam,1.8,0.0492,41007582.43262868,4085531.1135103093,0.059019950054253645,0.0996286752632254,65,0.55,44.99999999999999
Netherlands,Amsterdam,1.76,0.0492,43526064.37877311,1185342.0926538603,0.05192575410421929,0.027232926054116913,65,0.7,30.000000000000004
Netherlands,Amsterdam,1.71,0.0492,45867546.32491754,-1590555.3018523306,0.04567954298919141,-0.03467713948736476,65,0.85,15.000000000000002
Netherlands,Amsterdam,1.71,0.0492,49075296.32491754,-4327975.582742,0.04012811889458168,-0.08819051349353767,65,1.0,0.0
Netherlands,Amsterdam,1.85,0.0492,41785350.486484244,31581663.041168123,0.11663913607893517,0.7558070633243444,100,0.55,44.99999999999999
Netherlands,Amsterdam,1.8,0.0492,44392332.43262868,28094590.67937778,0.10647485257096423,0.6328703435895172,100,0.7,30.000000000000004
Netherlands,Amsterdam,1.76,0.0492,46822314.37877311,24715340.242519725,0.09761313513837089,0.5278538784431472,100,0.85,15.000000000000002
Netherlands,Amsterdam,1.76,0.0492,50118564.37877311,21902396.09136001,0.08979102541318085,0.4370116415512574,100,1.0,0.0
Poland,Warsaw,1.9,0.0794,30251983.323133416,-7043666.555630585,0.05040832207114376,-0.232833215607532,35,0.55,44.99999999999999
Poland,Warsaw,1.85,0.0794,33251414.626682986,-10133259.343120066,0.040698211488982894,-0.30474671399359093,35,0.7,30.000000000000004
Poland,Warsaw,1.8,0.0794,36075845.16523868,-13075926.34154085,0.03254985764048013,-0.36245654901912927,35,0.85,15.000000000000002
Poland,Warsaw,1.76,0.0794,38723275.70379437,-15869967.729355192,0.025576987281189068,-0.40983019749540833,35,1.0,0.0
Poland,Warsaw,1.95,0.0794,30723802.784577724,3593909.4574920572,0.0929577309225269,0.11697476001558225,50,0.55,44.99999999999999
Poland,Warsaw,1.85,0.0794,33251414.626682986,251783.67997645767,0.0802941369999588,0.007572119345996513,50,0.7,30.000000000000004
Poland,Warsaw,1.8,0.0794,36075845.16523868,-2881442.9730770444,0.06980695158444505,-0.0798718078503534,50,0.85,15.000000000000002
Poland,Warsaw,1.76,0.0794,38723275.70379437,-5872018.634307349,0.060900982490127875,-0.151640545061945,50,1.0,0.0
Poland,Warsaw,1.99,0.0794,31195622.24602203,14566009.639478862,0.13109341155617926,0.46692479876198895,65,0.55,44.99999999999999
Poland,Warsaw,1.9,0.0794,33814108.32313342,10824406.875989776,0.11544149700279371,0.3201151061725446,65,0.7,30.000000000000004
Poland,Warsaw,1.85,0.0794,36724664.62668298,7446805.763450938,0.10259038392739761,0.20277396238059378,65,0.85,15.000000000000002
Poland,Warsaw,1.76,0.0794,38723275.70379437,4125930.4607404703,0.09176466945072992,0.10654910737151774,65,1.0,0.0
Poland,Warsaw,1.99,0.0794,31195622.24602203,40052222.771242626,0.21335529667816755,1.2839052369391337,100,0.55,44.99999999999999
Poland,Warsaw,1.9,0.0794,33814108.32313342,35487415.85900214,0.1902709241921181,1.0494854845757964,100,0.7,30.000000000000004
Poland,Warsaw,1.85,0.0794,36724664.62668298,31678572.81734284,0.1716336537385439,0.8625966537574911,100,0.85,15.000000000000002
Poland,Warsaw,1.8,0.0794,39460595.16523868,27991430.509397298,0.15613717783934478,0.7093514528147637,100,1.0,0.0
Portugal,Lisbon,1.61,0.0588,28780302.70332414,4035980.5110794147,0.07323692184545383,0.14023412306268956,35,0.55,44.99999999999999
Portugal,Lisbon,1.52,0.0588,30607871.206148997,1453782.621449597,0.06377743295325722,0.047497018386484124,35,0.7,30.000000000000004
Portugal,Lisbon,1.47,0.0588,32772239.42320326,-927730.7310213662,0.05578536803221956,-0.028308432604838053,35,0.85,15.000000000000002
Portugal,Lisbon,1.47,0.0588,35536739.42320326,-3256127.560729775,0.04889838819090553,-0.09162707703576564,35,1.0,0.0
Portugal,Lisbon,1.61,0.0588,28780302.70332414,17859893.340839155,0.11841250639831125,0.6205596072058105,50,0.55,44.99999999999999
Portugal,Lisbon,1.57,0.0588,31210545.920378402,15035244.10576696,0.10585049441164607,0.48173601782306374,50,0.7,30.000000000000004
Portugal,Lisbon,1.52,0.0588,33460871.206148997,12329748.240064314,0.0953432331071078,0.36848258265907063,50,0.85,15.000000000000002
Portugal,Lisbon,1.47,0.0588,35536739.42320326,9734466.9123034,0.08635354314763433,0.27392684501458237,50,1.0,0.0
Portugal,Lisbon,1.66,0.0588,29291934.486269873,32255902.798506252,0.16000977569641428,1.1011871822131,65,0.55,44.99999999999999
Portugal,Lisbon,1.57,0.0588,31210545.920378402,28591581.144935813,0.14425123009261553,0.9160871846931528,65,0.7,30.000000000000004
Portugal,Lisbon,1.52,0.0588,33460871.206148997,25608649.70789517,0.13118667197703027,0.7653312297256968,65,0.85,15.000000000000002
Portugal,Lisbon,1.47,0.0588,35536739.42320326,22725061.38533657,0.12008008105549228,0.6394807670649303,65,1.0,0.0
Portugal,Lisbon,1.66,0.0588,29291934.486269873,65113245.697265275,0.2518428529925374,2.222906982390872,100,0.55,44.99999999999999
Portugal,Lisbon,1.61,0.0588,31810677.70332414,61387273.04183695,0.22819276970499236,1.9297694193865642,100,0.7,30.000000000000004
Portugal,Lisbon,1.52,0.0588,33460871.206148997,56592753.13283388,0.20881639658590379,1.6913114062144925,100,0.85,15.000000000000002
Portugal,Lisbon,1.47,0.0588,35536739.42320326,53036448.48908064,0.19252707934469493,1.4924399185157422,100,1.0,0.0
Romania,Bucharest,1.76,0.1045,28738789.961205736,-5721726.905323621,0.07666790498606235,-0.1990942177122744,35,0.55,44.99999999999999
Romania,Bucharest,1.71,0.1045,31477290.87919839,-8670200.818615096,0.06534134971247596,-0.2754430440627517,35,0.7,30.000000000000004
Romania,Bucharest,1.66,0.1045,34036053.45362322,-11466142.374105398,0.055867288350930355,-0.33688225310049275,35,0.85,15.000000000000002
Romania,Bucharest,1.61,0.1045,36420179.37161587,-14115523.81986957,0.04775716321103474,-0.38757425315896515,35,1.0,0.0
Romania,Bucharest,1.8,0.1045,29208039.043213077,4847390.513994978,0.12639720596423487,0.1659608338246638,50,0.55,44.99999999999999
Romania,Bucharest,1.71,0.1045,31477290.87919839,1619953.6141495174,0.11139074380200409,0.05146420066347119,50,0.7,30.000000000000004
Romania,Bucharest,1.66,0.1045,34036053.45362322,-1373933.6111080123,0.09902052615095625,-0.04036700709088097,50,0.85,15.000000000000002
Romania,Bucharest,1.61,0.1045,36420179.37161587,-4228945.225607909,0.08853445130086102,-0.11611544200421332,50,1.0,0.0
Romania,Bucharest,1.8,0.1045,29208039.043213077,15511641.301356446,0.17219280780526947,0.53107438258375,65,0.55,44.99999999999999
Romania,Bucharest,1.76,0.1045,32035039.961205736,12128310.915117051,0.15335653340322652,0.37859515486181294,65,0.7,30.000000000000004
Romania,Bucharest,1.66,0.1045,34036053.45362322,8718275.15188937,0.1379479131342105,0.25614823891873073,65,0.85,15.000000000000002
Romania,Bucharest,1.66,0.1045,37154928.45362322,5774493.487070823,0.1250249895067823,0.15541662243485532,65,1.0,0.0
Romania,Bucharest,1.85,0.1045,29677288.12522042,41053189.92659501,0.27382371966718266,1.3833201252545408,100,0.55,44.99999999999999
Romania,Bucharest,1.76,0.1045,32035039.961205736,36583087.030393384,0.24539194694991728,1.1419710128251848,100,0.7,30.000000000000004
Romania,Bucharest,1.71,0.1045,34685040.87919839,32892801.158955704,0.22243438723684483,0.9483281646838843,100,0.85,15.000000000000002
Romania,Bucharest,1.66,0.1045,37154928.45362322,29322980.600731384,0.20342517423018114,0.7892083721095662,100,1.0,0.0
Slovakia,Bratislava,1.8,0.0599,29601887.69716961,109606.4096266838,0.06029420248877049,0.0037026831108870075,35,0.55,44.99999999999999
Slovakia,Bratislava,1.76,0.0599,32418590.777544968,-2798846.8856514534,0.05052085152844965,-0.08633462524194914,35,0.7,30.000000000000004
Slovakia,Bratislava,1.66,0.0599,34398964.9598227,-5462918.740355751,0.042332737621628036,-0.15881055568783334,35,0.85,15.000000000000002
Slovakia,Bratislava,1.66,0.0599,37517839.9598227,-8198680.755908649,0.035328909343453674,-0.21852752622988145,35,1.0,0.0
Slovakia,Bratislava,1.85,0.0599,30081434.61679425,13351940.686431274,0.10377799274254995,0.4438598376879599,50,0.55,44.99999999999999
Slovakia,Bratislava,1.76,0.0599,32418590.777544968,9980454.610767417,0.09092062564807102,0.3078620745501519,50,0.7,30.000000000000004
Slovakia,Bratislava,1.71,0.0599,35058293.85792033,6968062.946947395,0.0802788714627305,0.19875647614760292,50,0.85,15.000000000000002
Slovakia,Bratislava,1.66,0.0599,37517839.9598227,4088408.8428833317,0.07125319156716303,0.10897239412667542,50,1.0,0.0
Slovakia,Bratislava,1.85,0.0599,30081434.61679425,26593987.47561244,0.14322568322186657,0.8840664620684415,65,0.55,44.99999999999999
Slovakia,Bratislava,1.8,0.0599,32986637.69716961,23169184.225964073,0.12725277714046923,0.7023808985525095,65,0.7,30.000000000000004
Slovakia,Bratislava,1.71,0.0599,35058293.85792033,19505122.17204839,0.11411412109161789,0.5563625614839159,65,0.85,15.000000000000002
Slovakia,Bratislava,1.66,0.0599,37517839.9598227,16375498.441675304,0.10307240393198192,0.43647231448323204,65,1.0,0.0
Slovakia,Bratislava,1.9,0.0599,30563013.51489188,58432308.44147775,0.22925746666768454,1.9118634493619717,100,0.55,44.99999999999999
Slovakia,Bratislava,1.8,0.0599,32986637.69716961,53535832.38748085,0.20551897045280554,1.6229551153094468,100,0.7,30.000000000000004
Slovakia,Bratislava,1.76,0.0599,35714840.77754497,49686777.447809085,0.18628289633734374,1.3912081466998645,100,0.85,15.000000000000002
Slovakia,Bratislava,1.71,0.0599,38266043.85792033,45944540.47925198,0.17028505416208572,1.2006608430660217,100,1.0,0.0
Slovenia,Ljubljana,1.66,0.0615,32210180.10030496,-6662453.758844531,0.03810289517361398,-0.2068431079272808,35,0.55,44.99999999999999
Slovenia,Ljubljana,1.61,0.0615,34646116.299815364,-9241166.002067268,0.030800835608345123,-0.26673021362906746,35,0.7,30.000000000000004
Slovenia,Ljubljana,1.57,0.0615,36905052.49932577,-11684079.497130632,0.02448439312309647,-0.31659837084215214,35,0.85,15.000000000000002
Slovenia,Ljubljana,1.57,0.0615,39846927.49932577,-14299677.513689872,0.018935964145293305,-0.35886524786463975,35,1.0,0.0
Slovenia,Ljubljana,1.71,0.0615,32807137.70927121,5349325.294549027,0.07848864904578257,0.16305370318963613,50,0.55,44.99999999999999
Slovenia,Ljubljana,1.66,0.0615,35329055.10030496,2475943.3576185643,0.06892736496088303,0.07008235432815728,50,0.7,30.000000000000004
Slovenia,Ljubljana,1.61,0.0615,37676491.299815364,-270440.30611611647,0.060727269265171024,-0.007177958901853522,50,0.85,15.000000000000002
Slovenia,Ljubljana,1.57,0.0615,39846927.49932577,-2890269.749662212,0.053577575102538466,-0.07253431898133468,50,1.0,0.0
Slovenia,Ljubljana,1.71,0.0615,32807137.70927121,17498812.13489339,0.11416538781206853,0.533384298562208,65,0.55,44.99999999999999
Slovenia,Ljubljana,1.66,0.0615,35329055.10030496,14387307.804065501,0.10235338776070702,0.4072372658486785,65,0.7,30.000000000000004
Slovenia,Ljubljana,1.61,0.0615,37676491.299815364,11394568.06310659,0.0922925134399788,0.30243177297038887,65,0.85,15.000000000000002
Slovenia,Ljubljana,1.57,0.0615,39846927.49932577,8519138.014365444,0.08357229462187177,0.2137966099019703,65,1.0,0.0
Slovenia,Ljubljana,1.76,0.0615,33401576.509760804,46694884.23348906,0.18993112263506773,1.397984440041134,100,0.55,44.99999999999999
Slovenia,Ljubljana,1.66,0.0615,35329055.10030496,42180491.51244171,0.1725655071871499,1.1939320593965619,100,0.7,30.000000000000004
Slovenia,Ljubljana,1.66,0.0615,38447930.10030496,39407524.18245785,0.15800178714861124,1.024958276808386,100,0.85,15.000000000000002
Slovenia,Ljubljana,1.61,0.0615,40706866.299815364,35918638.251354694,0.14554297579383269,0.882372963489887,100,1.0,0.0
Spain,Madrid,1.52,0.0627,30294396.13198349,714762.6573558627,0.06523994288286494,0.02359389024431643,35,0.55,44.99999999999999
Spain,Madrid,1.47,0.0627,32468488.33924583,-1742198.4803259491,0.05682789603238736,-0.05365813345304688,35,0.7,30.000000000000004
Spain,Madrid,1.47,0.0627,35232988.339245826,-4162190.5003950703,0.04957611801799722,-0.11813333743703,35,0.85,15.000000000000002
Spain,Madrid,1.43,0.0627,37141580.54650817,-6417669.614304359,0.043237444332022035,-0.1727893514458342,35,1.0,0.0
Spain,Madrid,1.57,0.0627,30887305.652656477,14829480.750911994,0.11074732150495525,0.48011571218535787,50,0.55,44.99999999999999
Spain,Madrid,1.52,0.0627,33147396.13198349,12035619.325057484,0.09959592337937484,0.363093959994175,50,0.7,30.000000000000004
Spain,Madrid,1.47,0.0627,35232988.339245826,9353598.704480965,0.09006364232155972,0.265478437832707,50,0.85,15.000000000000002
Spain,Madrid,1.43,0.0627,37141580.54650817,6782332.38443793,0.08177442981612448,0.1826075327070475,50,1.0,0.0
Spain,Madrid,1.57,0.0627,30887305.652656477,28938251.26718846,0.15222926662841774,0.9368978826646089,65,0.55,44.99999999999999
Spain,Madrid,1.52,0.0627,33147396.13198349,25853939.27120266,0.1382542454355229,0.7799689353655304,65,0.7,30.000000000000004
Spain,Madrid,1.47,0.0627,35232988.339245826,22869387.909357,0.12639317434620012,0.6490902131024441,65,0.85,15.000000000000002
Spain,Madrid,1.47,0.0627,37997488.339245826,20449395.889287874,0.11616091918196392,0.5381775686517325,65,1.0,0.0
Spain,Madrid,1.61,0.0627,31477713.445394136,63052184.63065778,0.24319268610419464,2.0030738490595055,100,0.55,44.99999999999999
Spain,Madrid,1.52,0.0627,33147396.13198349,58096685.81220807,0.22218659530893414,1.7526772112320261,100,0.7,30.000000000000004
Spain,Madrid,1.52,0.0627,36000396.13198349,55599222.53376452,0.20459405726017366,1.544405854033618,100,0.85,15.000000000000002
Spain,Madrid,1.47,0.0627,37997488.339245826,51986237.36733196,0.18958642440815332,1.368149307743528,100,1.0,0.0
Sweden,Stockholm,1.76,0.0573,36908239.99543597,-17004109.087331366,0.001387203341956189,-0.4607130843799129,35,0.55,44.99999999999999
Sweden,Stockholm,1.71,0.0573,39427401.86814099,-19751438.027402807,-0.004771914157798096,-0.5009571285842906,35,0.7,30.000000000000004
Sweden,Stockholm,1.66,0.0573,41765895.99454391,-22483111.41806098,-0.01062404924640381,-0.5383126803025623,35,0.85,15.000000000000002
Sweden,Stockholm,1.66,0.0573,44884770.99454391,-25601986.41806098,-0.015896201869168625,-0.5703936068020287,35,1.0,0.0
Sweden,Stockholm,1.8,0.0573,37596828.122730955,-6668571.348138042,0.037803693908031066,-0.17737058366650454,50,0.55,44.99999999999999
Sweden,Stockholm,1.76,0.0573,40204489.99543597,-9498348.707605647,0.030893878816045328,-0.2362509438295052,50,0.7,30.000000000000004
Sweden,Stockholm,1.71,0.0573,42635151.86814099,-12190635.750543397,0.02484940729338203,-0.2859292207576917,50,0.85,15.000000000000002
Sweden,Stockholm,1.71,0.0573,45842901.86814099,-15051652.602189125,0.0195113467011645,-0.32833114809098574,50,1.0,0.0
Sweden,Stockholm,1.85,0.0573,38285416.250025935,4069464.5149415005,0.06824039094218581,0.10629281103712027,65,0.55,44.99999999999999
Sweden,Stockholm,1.8,0.0573,40981578.122730955,967529.6466726083,0.05977061090392222,0.02360889187271087,65,0.7,30.000000000000004
Sweden,Stockholm,1.76,0.0573,43500739.99543597,-2001115.9191114665,0.052411834828800075,-0.04600188225123114,65,0.85,15.000000000000002
Sweden,Stockholm,1.71,0.0573,45842901.86814099,-4838384.371067823,0.04592477671744,-0.10554271596908461,65,1.0,0.0
Sweden,Stockholm,1.9,0.0573,38976922.12362301,29965263.95177646,0.12941030328212433,0.7687950284205536,100,0.55,44.99999999999999
Sweden,Stockholm,1.85,0.0573,41758666.250025935,26328249.271247584,0.11730922188469872,0.6304858760001999,100,0.7,30.000000000000004
Sweden,Stockholm,1.8,0.0573,44366328.122730955,22810277.98191889,0.10691626872595905,0.5141349069686052,100,0.85,15.000000000000002
Sweden,Stockholm,1.76,0.0573,46796989.99543597,19412361.495482825,0.0978587779980058,0.41482072879849924,100,1.0,0.0
United Kingdom,London,1.76,0.0642,38811101.85050723,-20023802.774210885,-0.0021936624250545878,-0.5159297680168591,35,0.55,44.99999999999999
United Kingdom,London,1.71,0.0642,41279174.37192706,-22830118.93304806,-0.008322469004726663,-0.5530662684129228,35,0.7,30.000000000000004
United Kingdom,London,1.66,0.0642,43566362.66674274,-25496347.282565646,-0.013850108144692896,-0.5852301115334743,35,0.85,15.000000000000002
United Kingdom,London,1.66,0.0642,46685237.66674274,-28615222.282565646,-0.018839635076265404,-0.612939415385055,35,1.0,0.0
United Kingdom,London,1.85,0.0642,40290456.807667576,-10623669.365754055,0.03345261060731897,-0.2636770641858866,50,0.55,44.99999999999999
United Kingdom,London,1.8,0.0642,42935529.32908741,-13400156.102884384,0.027260353131304704,-0.31209947361255,50,0.7,30.000000000000004
United Kingdom,London,1.76,0.0642,45403601.85050723,-16036561.262410443,0.021824157400933464,-0.3532002001782,50,0.85,15.000000000000002
United Kingdom,London,1.71,0.0642,47694674.37192706,-18532766.49371028,0.016995662604824435,-0.3885709827724206,50,1.0,0.0
United Kingdom,London,1.85,0.0642,40290456.807667576,-534452.0598707533,0.0627482772668837,-0.013264978911061716,65,0.55,44.99999999999999
United Kingdom,London,1.85,0.0642,43763706.807667576,-3580885.1727493266,0.055109669092596514,-0.08182316887567534,65,0.7,30.000000000000004
United Kingdom,London,1.8,0.0642,46320279.32908741,-6483592.722007078,0.04843258312970877,-0.1399730920434157,65,0.85,15.000000000000002
United Kingdom,London,1.76,0.0642,48699851.85050723,-9250768.92657488,0.04252617448040952,-0.18995476526236146,65,1.0,0.0
United Kingdom,London,1.95,0.0642,41772945.99143207,23893965.645788293,0.12137181482985238,0.5719961826654294,100,0.55,44.99999999999999
United Kingdom,London,1.85,0.0642,43763706.807667576,19960621.874311708,0.11041086540938783,0.4560998903048708,100,0.7,30.000000000000004
United Kingdom,London,1.85,0.0642,47236956.807667576,16914188.761433132,0.10094653233104123,0.3580710931549171,100,0.85,15.000000000000002
United Kingdom,London,1.8,0.0642,49705029.32908741,13613466.63677671,0.09264889439550084,0.273885094134933,100,1.0,0.0
