Country,City,ILR,discount_rate,Initial_invest,NPV,IRR,npv_over_I,ppa_eur_mwh,module_factor,module_reduction_pct
Austria,Vienna,1.33,0.0602,32980419.96608095,-23401266.022297766,-0.04112422392748949,-0.7095502739614911,20,0.55,44.99999999999999
Austria,Vienna,1.33,0.0602,35479044.96608095,-25899891.022297766,-0.04578292866770428,-0.7300053044567252,20,0.7,30.000000000000004
Austria,Vienna,1.33,0.0602,37977669.96608095,-28398516.022297766,-0.05003884062534969,-0.747768782225486,20,0.85,15.000000000000002
Austria,Vienna,1.33,0.0602,40476294.96608095,-30897141.022297766,-0.05395251240103616,-0.7633391605676731,20,1.0,0.0
Austria,Vienna,1.47,0.0602,35291524.79963212,-11313893.759124307,0.02285670703438636,-0.32058387455229037,35,0.55,44.99999999999999
Austria,Vienna,1.43,0.0602,37198243.07788589,-13431713.449551912,0.01755285615948554,-0.3610846195458349,35,0.7,30.000000000000004
Austria,Vienna,1.43,0.0602,39874243.07788589,-15793594.652280774,0.012817411521470534,-0.39608512747016494,35,0.85,15.000000000000002
Austria,Vienna,1.38,0.0602,41515461.35613966,-17704456.92827808,0.008583380752066105,-0.42645453886205686,35,1.0,0.0
Austria,Vienna,1.47,0.0602,35291524.79963212,679255.9443111103,0.06224801042792416,0.01924699905055366,50,0.55,44.99999999999999
Austria,Vienna,1.47,0.0602,38056024.79963212,-1760736.800436252,0.055206748175580245,-0.04626696586694659,50,0.7,30.000000000000004
Austria,Vienna,1.43,0.0602,39874243.07788589,-4096099.6065013716,0.04896685030603454,-0.10272545107628774,50,0.85,15.000000000000002
Austria,Vienna,1.43,0.0602,42550243.07788589,-6457980.809230234,0.04339848993831685,-0.15177306501890608,50,1.0,0.0
Austria,Vienna,1.52,0.0602,36060806.52137834,12969220.997151306,0.09626652179447959,0.3596486670219817,65,0.55,44.99999999999999
Austria,Vienna,1.47,0.0602,38056024.79963212,10232412.902999174,0.08753042895720475,0.2688776076028332,65,0.7,30.000000000000004
Austria,Vienna,1.47,0.0602,40820524.79963212,7792420.158251809,0.07985204316056382,0.19089465891242133,65,0.85,15.000000000000002
Austria,Vienna,1.43,0.0602,42550243.07788589,5239514.236549164,0.07302909537160285,0.12313711644275499,65,1.0,0.0
Austria,Vienna,1.52,0.0602,36060806.52137834,41615941.90314093,0.16696522744419995,1.1540491164131141,100,0.55,44.99999999999999
Austria,Vienna,1.52,0.0602,38913806.52137834,39097837.61637506,0.15418551367161704,1.0047291979749042,100,0.7,30.000000000000004
Austria,Vienna,1.47,0.0602,40820524.79963212,35776436.13293445,0.14306272856674207,0.8764325375174224,100,0.85,15.000000000000002
Austria,Vienna,1.47,0.0602,43585024.79963212,33336443.388187096,0.1332620304183001,0.7648600302842657,100,1.0,0.0
Belgium,Brussels,1.33,0.0592,33782372.230462834,-26959398.667144936,-0.06447103607372773,-0.7980315438841394,20,0.55,44.99999999999999
Belgium,Brussels,1.33,0.0592,36280997.230462834,-29458023.667144943,-0.06860845703065299,-0.8119408482634244,20,0.7,30.000000000000004
Belgium,Brussels,1.28,0.0592,37804935.77595447,-31149554.270966828,-0.0723583026872805,-0.8239546935238878,20,0.85,15.000000000000002
Belgium,Brussels,1.28,0.0592,40215060.77595447,-33559679.27096683,-0.07583243567531461,-0.8345052481192059,20,1.0,0.0
Belgium,Brussels,1.47,0.0592,36178811.62133754,-15615811.363395436,0.007048368489996237,-0.43162864294264275,35,0.55,44.99999999999999
Belgium,Brussels,1.43,0.0592,38057125.166829176,-17612664.614013772,0.0025554237256628642,-0.4627954564830104,35,0.7,30.000000000000004
Belgium,Brussels,1.43,0.0592,40733125.166829176,-20039315.111641604,-0.0019829304623598665,-0.4919660602904224,35,0.85,15.000000000000002
Belgium,Brussels,1.38,0.0592,42345938.71232081,-22128562.056220412,-0.006779236061766114,-0.5225663364449628,35,1.0,0.0
Belgium,Brussels,1.52,0.0592,36976498.075845905,-5230661.04369753,0.043653144809566946,-0.14145907037947292,50,0.55,44.99999999999999
Belgium,Brussels,1.52,0.0592,39829498.075845905,-7716162.961009005,0.03761081814223921,-0.19372985685924007,50,0.7,30.000000000000004
Belgium,Brussels,1.47,0.0592,41707811.62133754,-9953367.445619764,0.03226416583350411,-0.23864516163028948,50,0.85,15.000000000000002
Belgium,Brussels,1.43,0.0592,43409125.166829176,-12063777.155821322,0.027458106653446723,-0.2779087832214547,50,1.0,0.0
Belgium,Brussels,1.57,0.0592,37777564.55770388,5638879.063913004,0.07459889990389801,0.14926528827182114,65,0.55,44.99999999999999
Belgium,Brussels,1.52,0.0592,39829498.075845905,3023575.7410503053,0.06713953775612591,0.07591297623918376,65,0.7,30.000000000000004
Belgium,Brussels,1.47,0.0592,41707811.62133754,525879.8723715117,0.06053570508762496,0.012608666144988382,65,0.85,15.000000000000002
Belgium,Brussels,1.47,0.0592,44472311.62133754,-1882521.8277362923,0.05466175649908145,-0.04233019960296082,65,1.0,0.0
Belgium,Brussels,1.61,0.0592,38575251.01221225,31967813.328824475,0.13741066955705472,0.8287130346528148,100,0.55,44.99999999999999
Belgium,Brussels,1.57,0.0592,40719439.55770388,28725645.687009938,0.12658287022638648,0.7054528745736436,100,0.7,30.000000000000004
Belgium,Brussels,1.52,0.0592,42682498.075845905,25597464.128543906,0.11714178330770886,0.5997180409416935,100,0.85,15.000000000000002
Belgium,Brussels,1.52,0.0592,45535498.075845905,23111962.211232424,0.10877709009796388,0.5075592271492482,100,1.0,0.0
Bulgaria,Sofia,1.66,0.08,26580163.088915627,-9830792.551093651,0.031891563694027125,-0.36985448577602054,20,0.55,44.99999999999999
Bulgaria,Sofia,1.57,0.08,28652670.891853206,-12344927.089840857,0.02276937968806947,-0.4308473418214873,20,0.7,30.000000000000004
Bulgaria,Sofia,1.52,0.08,30980270.4136672,-14861844.646072865,0.015072769559669519,-0.4797196553686775,20,0.85,15.000000000000002
Bulgaria,Sofia,1.47,0.08,33133086.81513599,-17228808.05454976,0.008421220905676208,-0.5199880153236802,20,1.0,0.0
Bulgaria,Sofia,1.71,0.08,27016688.567101635,4435136.622976282,0.09895793570220657,0.1641628511192512,35,0.55,44.99999999999999
Bulgaria,Sofia,1.61,0.08,29175854.490384415,1350910.8199325977,0.08544936865549513,0.04630235664144205,35,0.7,30.000000000000004
Bulgaria,Sofia,1.57,0.08,31594545.891853206,-1510802.4491817444,0.0742735072533669,-0.04781845747532366,35,0.85,15.000000000000002
Bulgaria,Sofia,1.52,0.08,33833270.4136672,-4228757.237717232,0.06479002329076855,-0.12498813109148897,35,1.0,0.0
Bulgaria,Sofia,1.76,0.08,27451372.165632844,19180886.335355494,0.1559824789049742,0.6987223159419548,50,0.55,44.99999999999999
Bulgaria,Sofia,1.66,0.08,29699038.088915627,15556637.03706174,0.1378679255692632,0.523809457750345,50,0.7,30.000000000000004
Bulgaria,Sofia,1.57,0.08,31594545.891853206,12139581.762678158,0.12308510320527977,0.38423029735041714,50,0.85,15.000000000000002
Bulgaria,Sofia,1.52,0.08,33833270.4136672,9135509.62477422,0.110706743580117,0.2700155649476872,50,1.0,0.0
Bulgaria,Sofia,1.76,0.08,27451372.165632844,33864772.81312972,0.20957524349326806,1.233627689311866,65,0.55,44.99999999999999
Bulgaria,Sofia,1.66,0.08,29699038.088915627,29743202.74596907,0.18654905072186834,1.0014870736527297,65,0.7,30.000000000000004
Bulgaria,Sofia,1.61,0.08,32206229.490384415,26298148.550137695,0.1679587602713497,0.8165547152295287,65,0.85,15.000000000000002
Bulgaria,Sofia,1.57,0.08,34536420.891853206,22973706.403337277,0.15251835799001467,0.6652022939863043,65,1.0,0.0
Bulgaria,Sofia,1.76,0.08,27451372.165632844,68127174.59460294,0.33061224168320136,2.4817402271749933,100,0.55,44.99999999999999
Bulgaria,Sofia,1.66,0.08,29699038.088915627,62845189.40008616,0.29537944724081555,2.11606817742496,100,0.7,30.000000000000004
Bulgaria,Sofia,1.61,0.08,32206229.490384415,58787736.719211996,0.2672726115818729,1.8253529720628685,100,0.85,15.000000000000002
Bulgaria,Sofia,1.57,0.08,34536420.891853206,54824602.89767705,0.24416764041082195,1.5874430957786254,100,1.0,0.0
Croatia,Zagreb,1.57,0.0636,27886210.28514823,-11510265.445077732,0.013126897857847375,-0.4127583248989528,20,0.55,44.99999999999999
Croatia,Zagreb,1.52,0.0636,30236964.831027117,-13912030.364908822,0.006264195912086379,-0.46010009412827185,20,0.7,30.000000000000004
Croatia,Zagreb,1.47,0.0636,32412838.556037314,-16182868.892416932,0.0002613260944015483,-0.49927342415379605,20,0.85,15.000000000000002
Croatia,Zagreb,1.47,0.0636,35177338.556037314,-18886164.535640027,-0.0058393412750163964,-0.5368844065776741,20,1.0,0.0
Croatia,Zagreb,1.66,0.0636,28886462.83512783,2169638.5673122504,0.07164507193348912,0.07510918106158113,35,0.55,44.99999999999999
Croatia,Zagreb,1.61,0.0636,31416711.560138028,-638023.0545024115,0.06138261901219799,-0.020308397117919378,35,0.7,30.000000000000004
Croatia,Zagreb,1.52,0.0636,33089964.831027117,-3236094.1642190972,0.05273508574649344,-0.09779684507808069,35,0.85,15.000000000000002
Croatia,Zagreb,1.52,0.0636,35942964.83102712,-5835251.370226601,0.04527416337842949,-0.16234752468692915,35,1.0,0.0
Croatia,Zagreb,1.66,0.0636,28886462.83512783,16279618.064231861,0.11975837569335357,0.5635725688239953,50,0.55,44.99999999999999
Croatia,Zagreb,1.61,0.0636,31416711.560138028,13203538.202445267,0.10621106134157654,0.4202711724672707,50,0.7,30.000000000000004
Croatia,Zagreb,1.57,0.0636,33769960.28514823,10256363.342440126,0.09489255504669081,0.3037126267202273,50,0.85,15.000000000000002
Croatia,Zagreb,1.52,0.0636,35942964.83102712,7439842.036470624,0.08524818195230766,0.20699021551077815,50,1.0,0.0
Croatia,Zagreb,1.71,0.0636,29388708.289248943,30931759.680073377,0.16388760560814308,1.052504906838281,65,0.55,44.99999999999999
Croatia,Zagreb,1.61,0.0636,31416711.560138028,27045099.459392942,0.14687536024238512,0.8608507420524607,65,0.7,30.000000000000004
Croatia,Zagreb,1.57,0.0636,33769960.28514823,23819802.37882904,0.13281597144955937,0.7053547643437651,65,0.85,15.000000000000002
Croatia,Zagreb,1.52,0.0636,35942964.83102712,20714935.44316785,0.12092473855235908,0.5763279557084855,65,1.0,0.0
Croatia,Zagreb,1.71,0.0636,29388708.289248943,64460284.150794305,0.26130350986417916,2.193369082994891,100,0.55,44.99999999999999
Croatia,Zagreb,1.66,0.0636,32005337.83512783,60471506.80759633,0.23570745618129663,1.8894194186953754,100,0.7,30.000000000000004
Croatia,Zagreb,1.61,0.0636,34447086.56013803,56581325.2811054,0.21477699439382447,1.642557642206554,100,0.85,15.000000000000002
Croatia,Zagreb,1.52,0.0636,35942964.83102712,51690153.39212804,0.19730462625958545,1.4381160161698026,100,1.0,0.0
Cyprus,Nicosia,1.43,0.0754,27594437.477957804,-9213450.481380954,0.03338814207957341,-0.333887961613299,20,0.55,44.99999999999999
Cyprus,Nicosia,1.38,0.0754,29641770.4032944,-11485910.743166503,0.02577885969820648,-0.38749071283171244,20,0.7,30.000000000000004
Cyprus,Nicosia,1.33,0.0754,31509064.485094287,-13616449.64260569,0.019167417032877943,-0.43214388827846995,20,0.85,15.000000000000002
Cyprus,Nicosia,1.33,0.0754,34007689.48509429,-15976301.710617123,0.01336821020057899,-0.4697849795887957,20,1.0,0.0
Cyprus,Nicosia,1.47,0.0754,28134604.552621208,6704849.23071173,0.1019358439575242,0.23831325647998353,35,0.55,44.99999999999999
Cyprus,Nicosia,1.43,0.0754,30270437.477957804,4036250.655377098,0.09048476265879901,0.13333968689141668,35,0.7,30.000000000000004
Cyprus,Nicosia,1.38,0.0754,32229270.4032944,1491582.7042149021,0.08071380501751446,0.04628037450275126,35,0.85,15.000000000000002
Cyprus,Nicosia,1.38,0.0754,34816770.4032944,-952208.2712134032,0.07221590165097336,-0.0273491268771817,35,1.0,0.0
Cyprus,Nicosia,1.47,0.0754,28134604.552621208,22819187.568133507,0.1603483906169978,0.8110719141423838,50,0.55,44.99999999999999
Cyprus,Nicosia,1.43,0.0754,30270437.477957804,19813327.502375226,0.14486296729573866,0.6545438108320307,50,0.7,30.000000000000004
Cyprus,Nicosia,1.38,0.0754,32229270.4032944,16912867.127024632,0.13179657994574612,0.5247672974097434,50,0.85,15.000000000000002
Cyprus,Nicosia,1.38,0.0754,34816770.4032944,14469076.151596319,0.12060202999986869,0.4155777800179663,50,1.0,0.0
Cyprus,Nicosia,1.47,0.0754,28134604.552621208,38933525.905555286,0.21533714058840725,1.383830571804784,65,0.55,44.99999999999999
Cyprus,Nicosia,1.43,0.0754,30270437.477957804,35590404.34937334,0.19556632997204382,1.1757479347726443,65,0.7,30.000000000000004
Cyprus,Nicosia,1.43,0.0754,32946437.477957804,33063028.639133275,0.1790379004071807,1.0035388093554416,65,0.85,15.000000000000002
Cyprus,Nicosia,1.38,0.0754,34816770.4032944,29890360.574406046,0.16496030222279257,0.8585046869131144,65,1.0,0.0
Cyprus,Nicosia,1.52,0.0754,28674771.62728461,78025460.1905396,0.3398627290984799,2.721049053318243,100,0.55,44.99999999999999
Cyprus,Nicosia,1.47,0.0754,30899104.552621208,73922688.24782094,0.309440422227405,2.3923893367825766,100,0.7,30.000000000000004
Cyprus,Nicosia,1.43,0.0754,32946437.477957804,69876207.94879556,0.28424940393305875,2.1209032993489787,100,0.85,15.000000000000002
Cyprus,Nicosia,1.38,0.0754,34816770.4032944,65873357.56096206,0.26294417173870377,1.8920008030017927,100,1.0,0.0
Czech Republic,Prague,1.66,0.0729,29441757.699209593,-15805416.92782876,0.0006611003118739411,-0.5368367299705439,20,0.55,44.99999999999999
Czech Republic,Prague,1.61,0.0729,31956249.590274464,-18487602.0198553,-0.00673974465215299,-0.5785285274991031,20,0.7,30.000000000000004
Czech Republic,Prague,1.57,0.0729,34293741.481339335,-21086579.70716057,-0.013433805197629711,-0.614881281432493,20,0.85,15.000000000000002
Czech Republic,Prague,1.52,0.0729,36450922.42702737,-23517804.519451197,-0.01933165443611229,-0.6451909294348442,20,1.0,0.0
Czech Republic,Prague,1.76,0.0729,30475709.862456694,-4689517.117400099,0.05471974003412727,-0.15387720707950292,35,0.55,44.99999999999999
Czech Republic,Prague,1.71,0.0729,33167576.753521565,-7519444.167492221,0.04561729166307882,-0.22671068867561586,35,0.7,30.000000000000004
Czech Republic,Prague,1.66,0.0729,35679507.69920959,-10203332.048318895,0.037911080905535854,-0.28597177220987635,35,0.85,15.000000000000002
Czech Republic,Prague,1.61,0.0729,38016999.59027447,-12747734.320452487,0.031251392991391125,-0.335316686162514,35,1.0,0.0
Czech Republic,Prague,1.8,0.0729,30991592.971391823,7116849.656928434,0.09812954610888114,0.2296380719602881,50,0.55,44.99999999999999
Czech Republic,Prague,1.71,0.0729,33167576.753521565,3943220.7763650944,0.08618993688508625,0.1188878164259143,50,0.7,30.000000000000004
Czech Republic,Prague,1.66,0.0729,35679507.69920959,1033210.853530933,0.07618896460268032,0.028958102848314293,50,0.85,15.000000000000002
Czech Republic,Prague,1.61,0.0729,38016999.59027447,-1744952.6893361332,0.06760971434215746,-0.04589927422316958,50,1.0,0.0
Czech Republic,Prague,1.8,0.0729,30991592.971391823,19010417.53531285,0.1372401751859753,0.6134056275474857,65,0.55,44.99999999999999
Czech Republic,Prague,1.76,0.0729,33771959.862456694,15691456.888032032,0.12240173251318764,0.46462973875187413,65,0.7,30.000000000000004
Czech Republic,Prague,1.66,0.0729,35679507.69920959,12269753.755380752,0.11007595687429128,0.34388797790650466,65,0.85,15.000000000000002
Czech Republic,Prague,1.66,0.0729,38798382.69920959,9448372.692554064,0.09958943998585323,0.24352491096868706,65,1.0,0.0
Czech Republic,Prague,1.85,0.0729,31507476.080326952,47555509.358945325,0.22203907558395608,1.5093404891494515,100,0.55,44.99999999999999
Czech Republic,Prague,1.76,0.0729,33771959.862456694,42948069.89789094,0.20000861234782774,1.271707951590783,100,0.7,30.000000000000004
Czech Republic,Prague,1.71,0.0729,36375326.75352156,39250325.20289526,0.18196042687217262,1.079037048075324,100,0.85,15.000000000000002
Czech Republic,Prague,1.66,0.0729,38798382.69920959,35666972.79687031,0.1668229489296602,0.9192901949904455,100,1.0,0.0
Denmark,Copenhagen,1.19,0.0457,33365329.35017876,-28162375.15693324,-0.08707341400357038,-0.8440610569540911,20,0.55,44.99999999999999
Denmark,Copenhagen,1.14,0.0457,34633435.123332575,-29571300.05371175,-0.0905026786609342,-0.853836760587157,20,0.7,30.000000000000004
Denmark,Copenhagen,1.14,0.0457,36777685.123332575,-31715550.053711757,-0.09367149567967537,-0.8623585184155789,20,0.85,15.000000000000002
Denmark,Copenhagen,1.14,0.0457,38921935.123332575,-33859800.053711765,-0.09662669922551859,-0.8699413311907452,20,1.0,0.0
Denmark,Copenhagen,1.33,0.0457,35997474.5062548,-15894920.507077362,-0.004914574725993992,-0.4415565459825665,35,0.55,44.99999999999999
Denmark,Copenhagen,1.28,0.0457,37531455.27940861,-17931135.958828226,-0.009970464596467554,-0.47776287450985216,35,0.7,30.000000000000004
Denmark,Copenhagen,1.28,0.0457,39941580.27940861,-20341260.95882823,-0.014557105261227554,-0.5092753170138067,35,0.85,15.000000000000002
Denmark,Copenhagen,1.28,0.0457,42351705.27940861,-22751385.95882823,-0.01878263074570019,-0.5372011778210486,35,1.0,0.0
Denmark,Copenhagen,1.38,0.0457,36877331.20863847,-4353649.391618305,0.03366074833844368,-0.11805760473790652,50,0.55,44.99999999999999
Denmark,Copenhagen,1.33,0.0457,38496099.50625479,-6441160.209977445,0.02840237640732557,-0.16731981402248025,50,0.7,30.000000000000004
Denmark,Copenhagen,1.33,0.0457,40994724.5062548,-8616080.397042612,0.023694901693650294,-0.210175345750354,50,0.85,15.000000000000002
Denmark,Copenhagen,1.33,0.0457,43493349.5062548,-10791000.584107766,0.019413691729563975,-0.24810691074864002,50,1.0,0.0
Denmark,Copenhagen,1.43,0.0457,37753475.435484655,7539957.37124929,0.06463815545481322,0.19971558338076742,65,0.55,44.99999999999999
Denmark,Copenhagen,1.38,0.0457,39464831.20863847,5098613.794501923,0.05812013421173745,0.1291938578818978,65,0.7,30.000000000000004
Denmark,Copenhagen,1.38,0.0457,42052331.20863847,2846332.6462579425,0.05229130249685432,0.06768549006560767,65,0.85,15.000000000000002
Denmark,Copenhagen,1.33,0.0457,43493349.5062548,596654.5064063661,0.04705206002761453,0.013718292869592877,65,1.0,0.0
Denmark,Copenhagen,1.47,0.0457,38629619.662330836,36405928.021439716,0.12637241217510686,0.9424355802534726,100,0.55,44.99999999999999
Denmark,Copenhagen,1.43,0.0457,40429475.435484655,33236291.63130503,0.11694100510432426,0.8220807040729937,100,0.7,30.000000000000004
Denmark,Copenhagen,1.38,0.0457,42052331.20863847,30156936.093107745,0.10858013001726619,0.7171287590095089,100,0.85,15.000000000000002
Denmark,Copenhagen,1.38,0.0457,44639831.20863847,27904654.94486377,0.10112839978608501,0.6251066410722406,100,1.0,0.0
Estonia,Tallinn,1.61,0.053,29329620.03488718,-16511940.350383418,-0.01760889702535484,-0.5629783246677826,20,0.55,44.99999999999999
Estonia,Tallinn,1.57,0.053,31743820.820280895,-19163477.368258357,-0.024495982859336074,-0.6036915806938701,20,0.7,30.000000000000004
Estonia,Tallinn,1.52,0.053,33978035.697985604,-21646201.017906543,-0.030503077337974305,-0.6370645204540133,20,0.85,15.000000000000002
Estonia,Tallinn,1.47,0.053,36037861.48337932,-23967607.856236745,-0.03584217975059856,-0.6650674282460023,20,1.0,0.0
Estonia,Tallinn,1.76,0.053,30914878.58639504,-4758371.698299392,0.03657041754779944,-0.15391849866081786,35,0.55,44.99999999999999
Estonia,Tallinn,1.66,0.053,32976169.249493465,-7355456.355047157,0.0287188131985332,-0.22305369369609665,35,0.7,30.000000000000004
Estonia,Tallinn,1.61,0.053,35390370.03488718,-9894505.26987347,0.022025716300696496,-0.27958185405011726,35,0.85,15.000000000000002
Estonia,Tallinn,1.57,0.053,37627570.820280895,-12293543.662688132,0.016225792483398838,-0.3267163783015733,35,1.0,0.0
Estonia,Tallinn,1.8,0.053,31442552.80100132,7303518.001682353,0.07578815898112468,0.2322813305874377,50,0.55,44.99999999999999
Estonia,Tallinn,1.71,0.053,33594954.371788755,4209257.899427018,0.0655342419106244,0.12529434786081234,50,0.7,30.000000000000004
Estonia,Tallinn,1.66,0.053,36095044.249493465,1378156.2463040766,0.056887800817526646,0.03818131477490617,50,0.85,15.000000000000002
Estonia,Tallinn,1.61,0.053,38420745.03488718,-1322359.1783171466,0.04943821134433035,-0.03441784320206193,50,1.0,0.0
Estonia,Tallinn,1.8,0.053,31442552.80100132,19459245.43968503,0.11041443517549099,0.6188824922340699,65,0.55,44.99999999999999
Estonia,Tallinn,1.76,0.053,34211128.58639504,16213724.524588209,0.09778362428756293,0.47393129646813303,65,0.7,30.000000000000004
Estonia,Tallinn,1.66,0.053,36095044.249493465,12855188.15088619,0.08722751773523107,0.3561482862309163,65,0.85,15.000000000000002
Estonia,Tallinn,1.61,0.053,38420745.03488718,9915360.003224604,0.07819370998089692,0.25807307990048506,65,1.0,0.0
Estonia,Tallinn,1.85,0.053,31970227.015607607,48641485.26850079,0.18377170037848112,1.521461991644739,100,0.55,44.99999999999999
Estonia,Tallinn,1.76,0.053,34211128.58639504,44063851.9689409,0.16535684172475884,1.28799761333989,100,0.7,30.000000000000004
Estonia,Tallinn,1.71,0.053,36802704.371788755,40419940.62583164,0.15016699969815162,1.0982872404565924,100,0.85,15.000000000000002
Estonia,Tallinn,1.66,0.053,39213919.249493465,36891509.958346896,0.1373532409695033,0.9407758944886243,100,1.0,0.0
Finland,Helsinki,1.28,0.0584,30851819.011091977,-23699617.547918126,-0.05637963575274407,-0.7681756962011718,20,0.55,44.99999999999999
Finland,Helsinki,1.28,0.0584,33261944.011091977,-26109742.547918126,-0.06087578261492754,-0.7849734380892235,20,0.7,30.000000000000004
Finland,Helsinki,1.28,0.0584,35672069.01109198,-28519867.547918126,-0.06498189668972876,-0.7995013560623601,20,0.85,15.000000000000002
Finland,Helsinki,1.24,0.0584,37097326.61003119,-30126497.439870633,-0.06871480871921609,-0.8120934900932827,20,1.0,0.0
Finland,Helsinki,1.43,0.0584,33012969.381228004,-13407055.176118704,0.010001593354094673,-0.40611479147169016,35,0.55,44.99999999999999
Finland,Helsinki,1.38,0.0584,34881101.98016721,-15441347.672910424,0.004868968960451525,-0.4426852019093349,35,0.7,30.000000000000004
Finland,Helsinki,1.38,0.0584,37468601.98016721,-17782206.298999615,0.00015817123879346973,-0.47458953254813324,35,0.85,15.000000000000002
Finland,Helsinki,1.33,0.0584,39067061.41215277,-19773277.30583424,-0.00472729834577279,-0.5061367963468908,35,1.0,0.0
Finland,Helsinki,1.47,0.0584,33732336.7822888,-3357394.122157378,0.04761985516470668,-0.09953043407061504,50,0.55,44.99999999999999
Finland,Helsinki,1.43,0.0584,35688969.381228,-5698057.719988189,0.04084175817014324,-0.15965879146359727,50,0.7,30.000000000000004
Finland,Helsinki,1.43,0.0584,38364969.381228,-8096181.121389686,0.03486296777282649,-0.21103056387036118,50,0.85,15.000000000000002
Finland,Helsinki,1.38,0.0584,40056101.98016721,-10228699.03204239,0.029546237756197025,-0.25535932171100617,50,1.0,0.0
Finland,Helsinki,1.52,0.0584,34451704.18334959,7150233.132921843,0.07949998558907811,0.20754367025993248,65,0.55,44.99999999999999
Finland,Helsinki,1.47,0.0584,36496836.7822888,4520203.467478737,0.07117963888856549,0.12385192433094103,65,0.7,30.000000000000004
Finland,Helsinki,1.43,0.0584,38364969.381228,2010939.7361423257,0.0638838673542268,0.05241603912568948,65,0.85,15.000000000000002
Finland,Helsinki,1.43,0.0584,41040969.381228,-387183.6652591671,0.05740009361556142,-0.009434076999074578,65,1.0,0.0
Finland,Helsinki,1.52,0.0584,34451704.18334959,31870046.615930267,0.1445111053929029,0.9250644451815818,100,0.55,44.99999999999999
Finland,Helsinki,1.47,0.0584,36496836.7822888,28681942.76136076,0.13248938703825197,0.7858747576524097,100,0.7,30.000000000000004
Finland,Helsinki,1.47,0.0584,39261336.7822888,26204509.225047432,0.12209016495848446,0.667438028673251,100,0.85,15.000000000000002
Finland,Helsinki,1.43,0.0584,41040969.381228,23196098.335648883,0.1129593721848623,0.5651937243533701,100,1.0,0.0
France,Paris,1.43,0.0535,31599428.5919272,-19818891.977440268,-0.028545140324034546,-0.6271914670793591,20,0.55,44.99999999999999
France,Paris,1.38,0.0535,33514309.45688028,-21988612.954479225,-0.033969459836995064,-0.6560962559222625,20,0.7,30.000000000000004
France,Paris,1.33,0.0535,35248590.24075265,-23992321.694127552,-0.03883214903661403,-0.6806604613193532,20,0.85,15.000000000000002
France,Paris,1.33,0.0535,37747215.24075265,-26490946.694127552,-0.043237413266419944,-0.7017987029021254,20,1.0,0.0
France,Paris,1.52,0.0535,32944666.862021036,-8380333.076027449,0.025493790631105684,-0.25437601512639324,35,0.55,44.99999999999999
France,Paris,1.52,0.0535,35797666.86202104,-10672067.032282244,0.020214832291576945,-0.29812186010381037,35,0.7,30.000000000000004
France,Paris,1.47,0.0535,37801047.726974115,-12667157.604319658,0.015613110701032884,-0.33510070133004843,35,0.85,15.000000000000002
France,Paris,1.43,0.0535,39627428.5919272,-14535470.455196286,0.011554148297660216,-0.3668032716651571,35,1.0,0.0
France,Paris,1.61,0.0535,34292755.213195585,1984287.1793355998,0.059380551524794045,0.05786315992982861,50,0.55,44.99999999999999
France,Paris,1.52,0.0535,35797666.86202104,-410452.67975461995,0.052317213901512005,-0.011465905902098977,50,0.7,30.000000000000004
France,Paris,1.52,0.0535,38650666.86202104,-2702186.636009411,0.04618904473717311,-0.06991306632964299,50,0.85,15.000000000000002
France,Paris,1.47,0.0535,40565547.726974115,-4867749.599658369,0.040793999922279944,-0.11999713728557775,50,1.0,0.0
France,Paris,1.61,0.0535,34292755.213195585,12708581.439509276,0.0891280903896603,0.37059085397195246,65,0.55,44.99999999999999
France,Paris,1.57,0.0535,36562011.07814866,10076504.679405486,0.0803910729787094,0.27560039456986335,65,0.7,30.000000000000004
France,Paris,1.52,0.0535,38650666.86202104,7559427.716518208,0.07284577514141422,0.19558337100636838,65,0.85,15.000000000000002
France,Paris,1.47,0.0535,40565547.726974115,5152302.822131003,0.06622319789593978,0.12701178982738034,65,1.0,0.0
France,Paris,1.66,0.0535,34965374.34824251,38482865.02527739,0.15115108708977787,1.1005992569106209,100,0.55,44.99999999999999
France,Paris,1.61,0.0535,37323130.213195585,35297720.45187889,0.138508199849253,0.9457331218001481,100,0.7,30.000000000000004
France,Paris,1.57,0.0535,39503886.07814866,32205238.92765798,0.12768536098271643,0.815242299553717,100,0.85,15.000000000000002
France,Paris,1.52,0.0535,41503666.86202104,29211460.582827874,0.11829557250046663,0.7038284274963316,100,1.0,0.0
Germany,Berlin,1.38,0.0462,32915565.343443356,-23340426.453971744,-0.04962674689684243,-0.7090999717135668,20,0.55,44.99999999999999
Germany,Berlin,1.38,0.0462,35503065.34344336,-25927926.453971744,-0.05427995556993981,-0.7303010656447463,20,0.7,30.000000000000004
Germany,Berlin,1.33,0.0462,37169036.68599465,-27820136.797101244,-0.05847851629694378,-0.7484761316825819,20,0.85,15.000000000000002
Germany,Berlin,1.33,0.0462,39667661.68599465,-30318761.797101244,-0.06233585893819993,-0.7643193601150886,20,1.0,0.0
Germany,Berlin,1.52,0.0462,35137486.396074936,-10384242.862770548,0.014336829912124927,-0.29553175049910596,35,0.55,44.99999999999999
Germany,Berlin,1.47,0.0462,37161346.04519774,-12450202.532635976,0.00957288705587711,-0.3350309893913243,35,0.7,30.000000000000004
Germany,Berlin,1.47,0.0462,39925846.04519774,-14727839.109958224,0.005359476130505136,-0.368879825196082,35,0.85,15.000000000000002
Germany,Berlin,1.43,0.0462,41684205.694320545,-16605452.012701811,0.0015635763384627133,-0.3983631626442218,35,1.0,0.0
Germany,Berlin,1.57,0.0462,35881265.053523645,1113346.662556505,0.04925184007288097,0.031028634606269857,50,0.55,44.99999999999999
Germany,Berlin,1.52,0.0462,37990486.396074936,-1268096.996449045,0.04286737694761711,-0.03337933037309206,50,0.7,30.000000000000004
Germany,Berlin,1.52,0.0462,40843486.396074936,-3618647.604190183,0.03723117626390793,-0.08859791177224124,50,0.85,15.000000000000002
Germany,Berlin,1.47,0.0462,42690346.04519774,-5816060.126904362,0.032232340559192885,-0.13623829895280537,50,1.0,0.0
Germany,Berlin,1.57,0.0462,35881265.053523645,12848002.288018716,0.07927397508550671,0.3580699361868515,65,0.55,44.99999999999999
Germany,Berlin,1.57,0.0462,38823140.053523645,10424228.69210267,0.07137518932849063,0.2685055530730197,65,0.7,30.000000000000004
Germany,Berlin,1.52,0.0462,40843486.396074936,7848048.86987246,0.06446712099725449,0.1921493379327838,65,0.85,15.000000000000002
Germany,Berlin,1.47,0.0462,42690346.04519774,5373355.433471776,0.05832179112300562,0.1258681629748988,65,1.0,0.0
Germany,Berlin,1.61,0.0462,36621905.40440083,41096423.69353488,0.14090431691658378,1.122181471436938,100,0.55,44.99999999999999
Germany,Berlin,1.57,0.0462,38823140.053523645,37805091.81818114,0.1294789862053327,0.9737772824676477,100,0.7,30.000000000000004
Germany,Berlin,1.52,0.0462,40843486.396074936,34603673.97601864,0.11957448039405039,0.8472262539111758,100,0.85,15.000000000000002
Germany,Berlin,1.52,0.0462,43696486.396074936,32253123.368277512,0.11089311925455392,0.7381170896883523,100,1.0,0.0
Greece,Athens,1.52,0.0757,26197590.538970605,-7962927.493114029,0.037800580854878474,-0.30395648337463177,20,0.55,44.99999999999999
Greece,Athens,1.47,0.0757,28498765.56957036,-10321304.547851857,0.029715901408764234,-0.3621667234202053,20,0.7,30.000000000000004
Greece,Athens,1.43,0.0757,30622940.600170113,-12537556.772347331,0.022869744724315577,-0.4094171404387495,20,0.85,15.000000000000002
Greece,Athens,1.38,0.0757,32570115.63076987,-14612953.583537646,0.016957386110183492,-0.4486613971284889,20,1.0,0.0
Greece,Athens,1.57,0.0757,26662878.749766614,6186929.420090869,0.10158215587329478,0.23204281421206344,35,0.55,44.99999999999999
Greece,Athens,1.47,0.0757,28498765.56957036,3436012.059752931,0.08937838603792891,0.12056704882058972,35,0.7,30.000000000000004
Greece,Athens,1.43,0.0757,30622940.600170113,925916.6256893098,0.07918419134333887,0.030236045511715694,35,0.85,15.000000000000002
Greece,Athens,1.43,0.0757,33298940.600170113,-1489190.0762185815,0.07047178358524686,-0.04472184548150381,35,1.0,0.0
Greece,Athens,1.57,0.0757,26662878.749766614,20492667.624848895,0.15656963569482052,0.7685842109238963,50,0.55,44.99999999999999
Greece,Athens,1.52,0.0757,29050590.538970605,17538113.672880966,0.14014705737137256,0.6037093686393069,50,0.7,30.000000000000004
Greece,Athens,1.47,0.0757,31263265.56957036,14698350.163088532,0.1265781035097615,0.47014762838450747,50,0.85,15.000000000000002
Greece,Athens,1.43,0.0757,33298940.600170113,11974283.321818048,0.11511811952673812,0.3595995279728772,50,1.0,0.0
Greece,Athens,1.57,0.0757,26662878.749766614,34798405.82960692,0.20837760728920607,1.3051256076357292,65,0.55,44.99999999999999
Greece,Athens,1.52,0.0757,29050590.538970605,31576059.40919372,0.18752195152803397,1.0869334778869733,65,0.7,30.000000000000004
Greece,Athens,1.47,0.0757,31263265.56957036,28455666.77069332,0.17042405451964449,0.9101949605159042,65,0.85,15.000000000000002
Greece,Athens,1.43,0.0757,33298940.600170113,25437756.719854686,0.15608713575908517,0.7639209014272584,65,1.0,0.0
Greece,Athens,1.61,0.0757,27126203.71916686,69365792.78347543,0.3254593593982753,2.5571507720581956,100,0.55,44.99999999999999
Greece,Athens,1.52,0.0757,29050590.538970605,64331266.127256796,0.29362561970416623,2.214456399464861,100,0.7,30.000000000000004
Greece,Athens,1.47,0.0757,31263265.56957036,60556072.18843782,0.26776717533459404,1.9369720688224965,100,0.85,15.000000000000002
Greece,Athens,1.43,0.0757,33298940.600170113,56852527.981940165,0.24627998568688625,1.707337439487481,100,1.0,0.0
Hungary,Budapest,1.66,0.0826,27555595.60003181,-12252656.134940425,0.022488887205464714,-0.4446521974261474,20,0.55,44.99999999999999
Hungary,Budapest,1.57,0.0826,29572746.405825365,-14686589.811971417,0.014089973574383574,-0.4966258327998373,20,0.7,30.000000000000004
Hungary,Budapest,1.52,0.0826,31872550.14729374,-17165097.47441874,0.006950509516580938,-0.5385542542122632,20,0.85,15.000000000000002
Hungary,Budapest,1.47,0.0826,33997688.050190516,-19494118.310333252,0.000699976417569026,-0.5733954109336564,20,1.0,0.0
Hungary,Budapest,1.71,0.0826,28019916.858563438,1201313.6632006909,0.08772157987330353,0.042873562732701175,35,0.55,44.99999999999999
Hungary,Budapest,1.61,0.0826,30123608.50292859,-1796497.6494229513,0.0753411794573613,-0.0596375314480766,35,0.7,30.000000000000004
Hungary,Budapest,1.57,0.0826,32514621.405825365,-4615223.251801003,0.06502475303852795,-0.14194301062887765,35,0.85,15.000000000000002
Hungary,Budapest,1.52,0.0826,34725550.14729374,-7283498.934046064,0.0562165594987849,-0.20974466648194162,35,1.0,0.0
Hungary,Budapest,1.76,0.0826,28482278.95566666,15127302.309008874,0.1421648596470495,0.5311127783192797,50,0.55,44.99999999999999
Hungary,Budapest,1.66,0.0826,30674470.60003181,11594383.937778505,0.12566997673504732,0.377981549835337,50,0.7,30.000000000000004
Hungary,Budapest,1.61,0.0826,33153983.50292859,8455014.37284496,0.1120966484335355,0.25502257887345886,50,0.85,15.000000000000002
Hungary,Budapest,1.52,0.0826,34725550.14729374,5343852.928073581,0.10065089488147438,0.15388821502918776,50,1.0,0.0
Hungary,Budapest,1.76,0.0826,28482278.95566666,29039598.602549296,0.19280278595708666,1.019567242064798,65,0.55,44.99999999999999
Hungary,Budapest,1.66,0.0826,30674470.60003181,25018720.902172245,0.17192127718979133,0.8156202996424753,65,0.7,30.000000000000004
Hungary,Budapest,1.61,0.0826,33153983.50292859,21622987.0408854,0.15493086694643798,0.6521987633544964,65,0.85,15.000000000000002
Hungary,Budapest,1.57,0.0826,35456496.40582536,18358797.30401629,0.14072363444462788,0.5177837396534196,65,1.0,0.0
Hungary,Budapest,1.8,0.0826,28944641.052769884,62504270.6657032,0.30630412728439804,2.159441899858067,100,0.55,44.99999999999999
Hungary,Budapest,1.71,0.0826,31227666.858563438,57360469.76467076,0.2744595367828415,1.8368477550522166,100,0.7,30.000000000000004
Hungary,Budapest,1.61,0.0826,33153983.50292859,52348256.599646404,0.24888726531976757,1.57894319381025,100,0.85,15.000000000000002
Hungary,Budapest,1.57,0.0826,35456496.40582536,48464989.96052568,0.22774532381845103,1.3668860398898035,100,1.0,0.0
Ireland,Dublin,1.33,0.0506,33941334.328257576,-27705524.91487553,-0.07485848233970571,-0.8162768336367238,20,0.55,44.99999999999999
Ireland,Dublin,1.33,0.0506,36439959.328257576,-30204149.914875526,-0.07881765660315077,-0.8288744134643845,20,0.7,30.000000000000004
Ireland,Dublin,1.28,0.0506,37958267.518792056,-31878814.948144104,-0.08243508505644137,-0.8398385129764369,20,0.85,15.000000000000002
Ireland,Dublin,1.28,0.0506,40368392.518792056,-34288939.9481441,-0.08576928920676985,-0.84940067732898,20,1.0,0.0
Ireland,Dublin,1.52,0.0506,37158005.45090555,-15777536.67621256,0.0013029078417334805,-0.42460666240706574,35,0.55,44.99999999999999
Ireland,Dublin,1.47,0.0506,39119188.64144002,-18123384.424266264,-0.004180551069665306,-0.46328630663540066,35,0.7,30.000000000000004
Ireland,Dublin,1.47,0.0506,41883688.64144002,-20887884.424266264,-0.009346937750041917,-0.4987116727727663,35,0.85,15.000000000000002
Ireland,Dublin,1.43,0.0506,43579371.8319745,-23078989.30896603,-0.014037144550845482,-0.5295851761688958,35,1.0,0.0
Ireland,Dublin,1.61,0.0506,38768042.95462246,-2959158.7491386766,0.042696042712120796,-0.0763298460178229,50,0.55,44.99999999999999
Ireland,Dublin,1.57,0.0506,40906601.14515694,-5636309.86119614,0.03610398539339532,-0.1377848489830703,50,0.7,30.000000000000004
Ireland,Dublin,1.52,0.0506,42864005.45090555,-8169136.27218021,0.030252129273059092,-0.19058266221846115,50,0.85,15.000000000000002
Ireland,Dublin,1.47,0.0506,44648188.64144002,-10568259.463755613,0.024978191833274765,-0.23670074386728265,50,1.0,0.0
Ireland,Dublin,1.61,0.0506,38768042.95462246,10573931.967996841,0.07686253299946477,0.27274866519245,65,0.55,44.99999999999999
Ireland,Dublin,1.61,0.0506,41798417.95462246,7755828.347086988,0.06874328800886675,0.18555315551672155,65,0.7,30.000000000000004
Ireland,Dublin,1.57,0.0506,43848476.14515694,4851356.082104249,0.0615747791774095,0.11063910330758622,65,0.85,15.000000000000002
Ireland,Dublin,1.52,0.0506,45717005.45090555,2083878.4497990923,0.05518287041869585,0.04558212921528559,65,1.0,0.0
Ireland,Dublin,1.66,0.0506,39571359.76408799,43070651.51411246,0.14560401536502288,1.088429909178915,100,0.55,44.99999999999999
Ireland,Dublin,1.61,0.0506,41798417.95462246,39333040.02040319,0.1338036881799427,0.9410174342747671,100,0.7,30.000000000000004
Ireland,Dublin,1.61,0.0506,44828792.95462246,36514936.399493344,0.12351701989374209,0.8145420385611376,100,0.85,15.000000000000002
Ireland,Dublin,1.57,0.0506,46790351.14515694,32970313.762210857,0.11442965683578277,0.7046391607519163,100,1.0,0.0
Italy,Rome,1.38,0.0694,28561821.800510343,-12473877.44303094,0.014048887215081685,-0.43673255614276174,20,0.55,44.99999999999999
Italy,Rome,1.38,0.0694,31149321.800510343,-14770331.040851563,0.008392177257296796,-0.4741782545201215,20,0.7,30.000000000000004
Italy,Rome,1.33,0.0694,32964834.769101508,-16665399.743113566,0.0034738584077906864,-0.5055508349987037,20,0.85,15.000000000000002
Italy,Rome,1.33,0.0694,35463459.76910151,-18929510.527442787,-0.0012754344867180745,-0.5337750645506852,20,1.0,0.0
Italy,Rome,1.47,0.0694,29745281.20483511,521844.59457097104,0.07136034380385636,0.017543777481120095,35,0.55,44.99999999999999
Italy,Rome,1.43,0.0694,31829551.502672724,-1875967.9928388698,0.06271058754475534,-0.05893793359549364,35,0.7,30.000000000000004
Italy,Rome,1.38,0.0694,33736821.80051035,-4144485.3259061016,0.055255650665382516,-0.12284753289485635,35,0.85,15.000000000000002
Italy,Rome,1.33,0.0694,35463459.76910151,-6283076.464419609,0.04872948250000464,-0.17717043134899962,35,1.0,0.0
Italy,Rome,1.52,0.0694,30337010.90699749,14332722.335665276,0.11865866103949951,0.47245005052094013,50,0.55,44.99999999999999
Italy,Rome,1.43,0.0694,31829551.502672724,11355444.191652823,0.10713076722842896,0.35675790752814435,50,0.7,30.000000000000004
Italy,Rome,1.43,0.0694,34505551.502672724,8980445.224399503,0.09729554248235028,0.26026088073694165,50,0.85,15.000000000000002
Italy,Rome,1.38,0.0694,36324321.80051035,6481360.389039355,0.08876537338780444,0.17843032072654674,50,1.0,0.0
Italy,Rome,1.52,0.0694,30337010.90699749,28147210.830792986,0.16205372212845348,0.9278175400036063,65,0.55,44.99999999999999
Italy,Rome,1.47,0.0694,32509781.20483511,25125525.66930003,0.14755032923764033,0.7728604973066742,65,0.7,30.000000000000004
Italy,Rome,1.43,0.0694,34505551.502672724,22211857.4088912,0.1352706852068868,0.6437183711487909,65,0.85,15.000000000000002
Italy,Rome,1.38,0.0694,36324321.80051035,19403659.70180543,0.1246844519300212,0.534178168786425,65,1.0,0.0
Italy,Rome,1.52,0.0694,30337010.90699749,60381017.319424294,0.25778496129394113,1.990341682129827,100,0.55,44.99999999999999
Italy,Rome,1.47,0.0694,32509781.20483511,56692288.649284296,0.2358994443752671,1.7438532819424997,100,0.7,30.000000000000004
Italy,Rome,1.43,0.0694,34505551.502672724,53085152.50603847,0.2175548524672719,1.5384525154431052,100,0.85,15.000000000000002
Italy,Rome,1.38,0.0694,36324321.80051035,49555691.43159295,0.20189275467400547,1.3642564809261408,100,1.0,0.0
Latvia,Riga,1.66,0.0587,29107890.616247952,-15612101.870365987,-0.009264656972952756,-0.5363529111811128,20,0.55,44.99999999999999
Latvia,Riga,1.57,0.0587,31036946.76679875,-18024489.213446155,-0.016629448536491842,-0.5807429883124827,20,0.7,30.000000000000004
Latvia,Riga,1.52,0.0587,33292516.53942701,-20540883.76780629,-0.023029096679660355,-0.6169820098604002,20,0.85,15.000000000000002
Latvia,Riga,1.52,0.0587,36145516.53942701,-23393883.7678063,-0.028686841750058756,-0.6472139841268719,20,1.0,0.0
Latvia,Riga,1.76,0.0587,30122855.268344294,-3833256.2334138057,0.04481118104857984,-0.1272540799756829,35,0.55,44.99999999999999
Latvia,Riga,1.66,0.0587,32226765.616247952,-6520720.149116318,0.03617085737726322,-0.20233864691121,35,0.7,30.000000000000004
Latvia,Riga,1.61,0.0587,34662231.19152335,-9130110.866388887,0.028841708326273974,-0.2634022840578611,35,0.85,15.000000000000002
Latvia,Riga,1.57,0.0587,36920696.76679875,-11599110.106599929,0.0225060134456474,-0.3141628171283736,35,1.0,0.0
Latvia,Riga,1.8,0.0587,30629264.6930689,8334548.050881933,0.08609735934781182,0.27211061494296856,50,0.55,44.99999999999999
Latvia,Riga,1.71,0.0587,32824195.843619693,5155226.752266748,0.07482163460442481,0.1570556907723548,50,0.7,30.000000000000004
Latvia,Riga,1.66,0.0587,35345640.61624795,2255918.3938615317,0.06536786678633177,0.06382451568368276,50,0.85,15.000000000000002
Latvia,Riga,1.61,0.0587,37692606.19152335,-512125.7387714656,0.05725743067507727,-0.013586901796316674,50,1.0,0.0
Latvia,Riga,1.8,0.0587,30629264.6930689,20578759.25013987,0.12288383333426367,0.6718659248387585,65,0.55,44.99999999999999
Latvia,Riga,1.76,0.0587,33419105.268344294,17265836.35921589,0.10894477418376836,0.5166456797863668,65,0.7,30.000000000000004
Latvia,Riga,1.66,0.0587,35345640.61624795,13828496.126099197,0.09738064703769678,0.3912362567207909,65,0.85,15.000000000000002
Latvia,Riga,1.61,0.0587,37692606.19152335,10822462.080731079,0.08752662546458745,0.2871242711565254,65,1.0,0.0
Latvia,Riga,1.85,0.0587,31135674.1177935,49970894.49621058,0.2016654102916009,1.604940182350286,100,0.55,44.99999999999999
Latvia,Riga,1.76,0.0587,33419105.268344294,45328884.13216012,0.18120171721502487,1.3563763532322084,100,0.7,30.000000000000004
Latvia,Riga,1.66,0.0587,35345640.61624795,40831177.50132039,0.16442179930838652,1.1551969858073758,100,0.85,15.000000000000002
Latvia,Riga,1.66,0.0587,38464515.61624795,38035238.31206059,0.15035120662399493,0.9888396539691239,100,1.0,0.0
Lithuania,Vilnius,1.61,0.0643,29966392.262065295,-18021948.37763987,-0.016605826221293585,-0.6014053416918661,20,0.55,44.99999999999999
Lithuania,Vilnius,1.57,0.0643,32361996.55623094,-20637826.217947327,-0.02336799960857805,-0.6377179535906521,20,0.7,30.000000000000004
Lithuania,Vilnius,1.52,0.0643,34577536.14401594,-23087254.448152825,-0.029298858390998994,-0.6676951866088456,20,0.85,15.000000000000002
Lithuania,Vilnius,1.52,0.0643,37430536.14401594,-25940254.448152825,-0.034604916155353105,-0.6930238548640165,20,1.0,0.0
Lithuania,Vilnius,1.71,0.0643,31061248.38011466,-6414947.6828121245,0.04060087419663927,-0.20652575209819832,35,0.55,44.99999999999999
Lithuania,Vilnius,1.66,0.0643,33631537.96789965,-9178317.170971278,0.032381353090883636,-0.2729080418425028,35,0.7,30.000000000000004
Lithuania,Vilnius,1.61,0.0643,36027142.26206529,-11799021.56201312,0.025331349464961184,-0.3275036769829195,35,0.85,15.000000000000002
Lithuania,Vilnius,1.57,0.0643,38245746.55623094,-14277091.730189119,0.01918083084550748,-0.37329881139065163,35,1.0,0.0
Lithuania,Vilnius,1.76,0.0643,31607519.08594901,5522603.940387123,0.08276012189922688,0.17472437255735687,50,0.55,44.99999999999999
Lithuania,Vilnius,1.66,0.0643,33631537.96789965,2425647.1029394334,0.07206059767872142,0.07212418014467982,50,0.7,30.000000000000004
Lithuania,Vilnius,1.61,0.0643,36027142.26206529,-435051.5532298795,0.06297865955522641,-0.01207566090214061,50,0.85,15.000000000000002
Lithuania,Vilnius,1.61,0.0643,39057517.26206529,-3227316.0887864204,0.05511704945681495,-0.08262983197656956,50,1.0,0.0
Lithuania,Vilnius,1.76,0.0643,31607519.08594901,17584338.700583648,0.12003673006340598,0.5563340372513036,65,0.55,44.99999999999999
Lithuania,Vilnius,1.71,0.0643,34268998.38011466,14302118.774750499,0.10681986784881436,0.41734860809499524,65,0.7,30.000000000000004
Lithuania,Vilnius,1.66,0.0643,36750412.96789965,11155800.692253713,0.09571362246268555,0.303555791386561,65,0.85,15.000000000000002
Lithuania,Vilnius,1.61,0.0643,39057517.26206529,8136653.919996817,0.08617618960198481,0.20832491388026758,65,1.0,0.0
Lithuania,Vilnius,1.8,0.0643,32153789.791783363,46535856.89777614,0.19951593870058493,1.447289952416993,100,0.55,44.99999999999999
Lithuania,Vilnius,1.71,0.0643,34268998.38011466,41920349.07143407,0.18006201201834915,1.2232732514224658,100,0.7,30.000000000000004
Lithuania,Vilnius,1.66,0.0643,36750412.96789965,38231717.33137871,0.1639711147121532,1.040307148786952,100,0.85,15.000000000000002
Lithuania,Vilnius,1.61,0.0643,39057517.26206529,34652583.94049105,0.15032233567421405,0.8872193208795547,100,1.0,0.0
Luxembourg,Luxembourg,1.14,0.0449,35150301.6513495,-32647605.212566126,-0.13091722088146662,-0.9288001433499138,20,0.55,44.99999999999999
Luxembourg,Luxembourg,1.14,0.0449,37294551.6513495,-34791855.21256613,-0.1336934284580551,-0.9328937786360864,20,0.7,30.000000000000004
Luxembourg,Luxembourg,1.14,0.0449,39438801.6513495,-36936105.21256613,-0.13629144052101316,-0.9365422798362908,20,0.85,15.000000000000002
Luxembourg,Luxembourg,1.14,0.0449,41583051.6513495,-39080355.21256613,-0.1387319067995657,-0.9398145076083624,20,1.0,0.0
Luxembourg,Luxembourg,1.33,0.0449,39098387.31251167,-21390020.39300566,-0.021078014729520866,-0.5470819095947917,35,0.55,44.99999999999999
Luxembourg,Luxembourg,1.33,0.0449,41597012.31251167,-23888645.39300566,-0.0254188292172699,-0.574287528477625,35,0.7,30.000000000000004
Luxembourg,Luxembourg,1.28,0.0449,42932660.36432725,-25686509.485280734,-0.02940065232289457,-0.5982976425710542,35,0.85,15.000000000000002
Luxembourg,Luxembourg,1.28,0.0449,45342785.36432725,-28096634.485280734,-0.03308509372721535,-0.6196495045358491,35,1.0,0.0
Luxembourg,Luxembourg,1.38,0.0449,40088542.129120596,-8804824.080282087,0.021906631803639387,-0.21963442950663453,50,0.55,44.99999999999999
Luxembourg,Luxembourg,1.38,0.0449,42676042.129120596,-11025609.14257499,0.017518637087341027,-0.2583559438154062,50,0.7,30.000000000000004
Luxembourg,Luxembourg,1.33,0.0449,44095637.31251167,-12903016.911362063,0.013531764760797094,-0.29261436499753163,50,0.85,15.000000000000002
Luxembourg,Luxembourg,1.33,0.0449,46594262.31251167,-15047522.834558813,0.00990954444053238,-0.3229479787368196,50,1.0,0.0
Luxembourg,Luxembourg,1.43,0.0449,41074519.07730501,3101948.750250977,0.052215328045094545,0.07552002603884175,65,0.55,44.99999999999999
Luxembourg,Luxembourg,1.43,0.0449,43750519.07730501,805206.4017695019,0.04670554879513489,0.018404499392264167,65,0.7,30.000000000000004
Luxembourg,Luxembourg,1.38,0.0449,45263542.129120596,-1448790.0037264982,0.04172235424159654,-0.032007879533458114,65,0.85,15.000000000000002
Luxembourg,Luxembourg,1.38,0.0449,47851042.129120596,-3669575.066019402,0.03720111989368613,-0.07668746390345002,65,1.0,0.0
Luxembourg,Luxembourg,1.47,0.0449,42060496.02548943,32200503.310060985,0.11135303517087025,0.7655759287894963,100,0.55,44.99999999999999
Luxembourg,Luxembourg,1.47,0.0449,44824996.02548943,29827803.67539094,0.10334617466120677,0.6654279156752086,100,0.7,30.000000000000004
Luxembourg,Luxembourg,1.43,0.0449,46426519.07730501,26797557.684445407,0.09617033403320763,0.5772036805047708,100,0.85,15.000000000000002
Luxembourg,Luxembourg,1.43,0.0449,49102519.07730501,24500815.335963923,0.08969983329895914,0.4989726758700676,100,1.0,0.0
Malta,Valletta,1.38,0.062,27903356.559757695,-9228607.29183752,0.02310591643711546,-0.3307346652748955,20,0.55,44.99999999999999
Malta,Valletta,1.33,0.062,29830361.377922535,-11102453.678622445,0.01760199051511857,-0.37218636200764826,20,0.7,30.000000000000004
Malta,Valletta,1.28,0.062,31582778.095588796,-12854876.785443231,0.012820740007838394,-0.40702172388181035,20,0.85,15.000000000000002
Malta,Valletta,1.28,0.062,33992903.095588796,-14841745.920774458,0.008632792722226723,-0.43661307417725226,20,1.0,0.0
Malta,Valletta,1.43,0.062,28472564.842091434,3986739.587254054,0.07667034908983861,0.14002038837612532,35,0.55,44.99999999999999
Malta,Valletta,1.38,0.062,30490856.559757695,1762984.3726231204,0.06815126407777239,0.05782009990988363,35,0.7,30.000000000000004
Malta,Valletta,1.33,0.062,32328986.377922535,-345317.01626212534,0.060847705383347606,-0.010681343739806897,35,0.85,15.000000000000002
Malta,Valletta,1.33,0.062,34827611.377922535,-2405144.1593634104,0.05445351450765812,-0.06905854476394117,35,1.0,0.0
Malta,Valletta,1.43,0.062,28472564.842091434,17404749.23728239,0.12193914536593087,0.6112813978582176,50,0.55,44.99999999999999
Malta,Valletta,1.38,0.062,30490856.559757695,14887670.332055826,0.11056344368767301,0.4882667137565694,50,0.7,30.000000000000004
Malta,Valletta,1.33,0.062,32328986.377922535,12471646.789199483,0.1008810512948144,0.3857728987666737,50,0.85,15.000000000000002
Malta,Valletta,1.33,0.062,34827611.377922535,10411819.646098198,0.09250582757980275,0.2989530213001723,50,1.0,0.0
Malta,Valletta,1.47,0.062,29041773.124425177,31443068.899777774,0.16376905976964862,1.0826841999303762,65,0.55,44.99999999999999
Malta,Valletta,1.43,0.062,31148564.842091434,28616706.5845686,0.1494576839271009,0.9187166962472216,65,0.7,30.000000000000004
Malta,Valletta,1.38,0.062,33078356.559757695,25879261.99651647,0.13737540799125547,0.7823623870117096,65,0.85,15.000000000000002
Malta,Valletta,1.33,0.062,34827611.377922535,23228783.451559808,0.1269910154384395,0.6669645873642858,65,1.0,0.0
Malta,Valletta,1.47,0.062,29041773.124425177,63405488.64184795,0.25641133998245413,2.1832512901397765,100,0.55,44.99999999999999
Malta,Valletta,1.43,0.062,31148564.842091434,59925395.76796805,0.23488129082426146,1.9238573613828311,100,0.7,30.000000000000004
Malta,Valletta,1.38,0.062,33078356.559757695,56503529.23519278,0.21687437937741083,1.7081722041757532,100,0.85,15.000000000000002
Malta,Valletta,1.33,0.062,34827611.377922535,53135032.33097023,0.20153575450400507,1.5256582415138837,100,1.0,0.0
Netherlands,Amsterdam,1.33,0.0492,33220015.012032446,-25554781.28834474,-0.06213339218084557,-0.7692585713488895,20,0.55,44.99999999999999
Netherlands,Amsterdam,1.33,0.0492,35718640.01203244,-28053406.28834474,-0.06637522162720033,-0.7853996198873884,20,0.7,30.000000000000004
Netherlands,Amsterdam,1.33,0.0492,38217265.01203245,-30552031.28834475,-0.07026396789585354,-0.7994300816326246,20,0.85,15.000000000000002
Netherlands,Amsterdam,1.28,0.0492,39672621.95817688,-32202213.85592614,-0.07382631415894803,-0.8116986542980171,20,1.0,0.0
Netherlands,Amsterdam,1.52,0.0492,36334382.85480157,-13350561.332099618,0.007902684706380336,-0.36743602844310724,35,0.55,44.99999999999999
Netherlands,Amsterdam,1.47,0.0492,38321114.800946,-15426827.159824856,0.0033341661782786414,-0.4025672854236492,35,0.7,30.000000000000004
Netherlands,Amsterdam,1.43,0.0492,40130846.74709043,-17451153.792547707,-0.0011421167007577004,-0.4348563563217851,35,0.85,15.000000000000002
Netherlands,Amsterdam,1.43,0.0492,42806846.74709043,-20064842.70821051,-0.005959314668013471,-0.468729753134043,35,1.0,0.0
Netherlands,Amsterdam,1.57,0.0492,37115446.536003985,-1876773.8950778767,0.04404453246025031,-0.05056584441890804,50,0.55,44.99999999999999
Netherlands,Amsterdam,1.52,0.0492,39187382.85480157,-4277128.494347639,0.0379071083071989,-0.10914555101052299,50,0.7,30.000000000000004
Netherlands,Amsterdam,1.52,0.0492,42040382.85480157,-6711813.261358245,0.03245485189837738,-0.15965157321567225,50,0.85,15.000000000000002
Netherlands,Amsterdam,1.47,0.0492,43850114.800946,-8919804.5618422,0.027595247889320218,-0.20341576304492978,50,1.0,0.0
Netherlands,Amsterdam,1.57,0.0492,37115446.536003985,9905052.775859322,0.07468112153093442,0.26687144303250904,65,0.55,44.99999999999999
Netherlands,Amsterdam,1.57,0.0492,40057321.536003985,7394524.122179221,0.06708616569875425,0.18459856622048326,65,0.7,30.000000000000004
Netherlands,Amsterdam,1.52,0.0492,42040382.85480157,4796304.343404338,0.06040572739651173,0.11408802721825202,65,0.85,15.000000000000002
Netherlands,Amsterdam,1.52,0.0492,44893382.85480157,2361619.5763937347,0.05443332663542222,0.05260507064107662,65,1.0,0.0
Netherlands,Amsterdam,1.61,0.0492,37893214.58985955,38221666.249816924,0.13694512313613538,1.0086678225511452,100,0.55,44.99999999999999
Netherlands,Amsterdam,1.57,0.0492,40057321.536003985,34885453.021032706,0.12594876673723032,0.8708883091366271,100,0.7,30.000000000000004
Netherlands,Amsterdam,1.57,0.0492,42999196.536003985,32374924.36735262,0.11637578809020277,0.7529192862997922,100,0.85,15.000000000000002
Netherlands,Amsterdam,1.52,0.0492,44893382.85480157,29213893.987506416,0.10794241891980527,0.6507394214865196,100,1.0,0.0
Poland,Warsaw,1.66,0.0794,27888887.545899633,-15135190.362267649,0.004122723036970699,-0.5426960949000958,20,0.55,44.99999999999999
Poland,Warsaw,1.61,0.0794,30447443.084455326,-17740950.39221914,-0.0032076366360885844,-0.5826745563825892,20,0.7,30.000000000000004
Poland,Warsaw,1.57,0.0794,32828998.623011015,-20365422.163884185,-0.010342645314403431,-0.620348564321098,20,0.85,15.000000000000002
Poland,Warsaw,1.52,0.0794,35030429.92656059,-22822574.22429116,-0.016589409516656994,-0.6515071117350675,20,1.0,0.0
Poland,Warsaw,1.76,0.0794,28834525.703794368,-4815681.157088594,0.05894312078646147,-0.16701093704672565,35,0.55,44.99999999999999
Poland,Warsaw,1.71,0.0794,31570456.24235006,-7694565.180412254,0.04897282887435517,-0.24372676534494966,35,0.7,30.000000000000004
Poland,Warsaw,1.66,0.0794,34126637.54589963,-10424379.271462096,0.0406083563334132,-0.3054616575524477,35,0.85,15.000000000000002
Poland,Warsaw,1.61,0.0794,36508193.084455326,-13011044.716144541,0.03343409387479657,-0.3563869810276768,35,1.0,0.0
Poland,Warsaw,1.8,0.0794,29306345.16523868,6135437.207977622,0.10332671122475023,0.2093552496356689,50,0.55,44.99999999999999
Poland,Warsaw,1.71,0.0794,31570456.24235006,2950433.9876811737,0.09027085369286736,0.09345553846394294,50,0.7,30.000000000000004
Poland,Warsaw,1.66,0.0794,34126637.54589963,15519.306891853455,0.07945376001534843,0.0004547564016812469,50,0.85,15.000000000000002
Poland,Warsaw,1.61,0.0794,36508193.084455326,-2783459.5792775466,0.07025126131328308,-0.07624205264934639,50,1.0,0.0
Poland,Warsaw,1.8,0.0794,29306345.16523868,17169741.983314816,0.143491587369047,0.5858711445083391,65,0.55,44.99999999999999
Poland,Warsaw,1.76,0.0794,32130775.703794368,13842982.124040375,0.12727609221739322,0.4308324906829323,65,0.7,30.000000000000004
Poland,Warsaw,1.66,0.0794,34126637.54589963,10455417.885245783,0.11394849018942366,0.3063711703558096,65,0.85,15.000000000000002
Poland,Warsaw,1.61,0.0794,36508193.084455326,7444125.557589459,0.10271237755513551,0.20390287572898433,65,1.0,0.0
Poland,Warsaw,1.85,0.0794,29778164.626682986,43616467.61455344,0.23098435934486572,1.4647130930114651,100,0.55,44.99999999999999
Poland,Warsaw,1.76,0.0794,32130775.703794368,39143452.929187946,0.206903432961836,1.2182542149010565,100,0.7,30.000000000000004
Poland,Warsaw,1.71,0.0794,34778206.24235006,35487593.19002162,0.1873751324459796,1.0203974564624823,100,0.85,15.000000000000002
Poland,Warsaw,1.66,0.0794,37245512.54589963,31950637.490964126,0.17114680044602326,0.8578385772404032,100,1.0,0.0
Portugal,Lisbon,1.43,0.0588,26731607.640257522,-7670955.182380402,0.026039256456154458,-0.2869619846891671,20,0.55,44.99999999999999
Portugal,Lisbon,1.38,0.0588,28807475.857311785,-9710748.51160285,0.019675568070278482,-0.33709126615958307,20,0.7,30.000000000000004
Portugal,Lisbon,1.33,0.0588,30703426.14308238,-11615625.947465226,0.014243765889808024,-0.37831693092929564,20,0.85,15.000000000000002
Portugal,Lisbon,1.28,0.0588,32424919.360136643,-13393351.339786643,0.00950817249465663,-0.4130573523107199,20,1.0,0.0
Portugal,Lisbon,1.47,0.0588,27243239.42320326,6239536.155177408,0.08201402698235505,0.2290306251121939,35,0.55,44.99999999999999
Portugal,Lisbon,1.43,0.0588,29407607.640257522,3849918.167951876,0.0722978851909386,0.13091572136869553,35,0.7,30.000000000000004
Portugal,Lisbon,1.38,0.0588,31394975.857311785,1580512.3701467705,0.06407169519842193,0.050342843941976606,35,0.85,15.000000000000002
Portugal,Lisbon,1.33,0.0588,33202051.14308238,-566489.249870118,0.0569878534411381,-0.01706187510611511,35,1.0,0.0
Portugal,Lisbon,1.52,0.0588,27754871.206148997,20694742.92318022,0.12947601528293995,0.7456256153909073,50,0.55,44.99999999999999
Portugal,Lisbon,1.43,0.0588,29407607.640257522,17624649.328484807,0.11650193385673902,0.5993227855895886,50,0.7,30.000000000000004
Portugal,Lisbon,1.38,0.0588,31394975.857311785,15051092.042589283,0.10563039036110622,0.47941084939818274,50,0.85,15.000000000000002
Portugal,Lisbon,1.33,0.0588,33202051.14308238,12587111.375607125,0.09633479682588608,0.37910643897763047,50,1.0,0.0
Portugal,Lisbon,1.52,0.0588,27754871.206148997,35041381.286416166,0.1735309026078513,1.2625308554360313,65,0.55,44.99999999999999
Portugal,Lisbon,1.47,0.0588,30007739.42320326,32044162.465919886,0.15718030276325612,1.0678632606740772,65,0.7,30.000000000000004
Portugal,Lisbon,1.38,0.0588,31394975.857311785,28521671.7150318,0.1435869854966796,0.908478854854389,65,0.85,15.000000000000002
Portugal,Lisbon,1.33,0.0588,33202051.14308238,25740712.001084365,0.13204715501468467,0.7752747530613758,65,1.0,0.0
Portugal,Lisbon,1.52,0.0588,27754871.206148997,68516870.80063339,0.2715485234942616,2.4686430822079877,100,0.55,44.99999999999999
Portugal,Lisbon,1.47,0.0588,30007739.42320326,64866022.796445936,0.24689520271163135,2.1616430975233265,100,0.7,30.000000000000004
Portugal,Lisbon,1.43,0.0588,32083607.640257522,61286562.05339391,0.22659409440631695,1.9102141735611247,100,0.85,15.000000000000002
Portugal,Lisbon,1.38,0.0588,33982475.857311785,57773705.493371435,0.2095213129356268,1.7001028923247405,100,1.0,0.0
Romania,Bucharest,1.61,0.1045,27329054.371615876,-14528607.027329972,0.02266800805711089,-0.5316176267854871,20,0.55,44.99999999999999
Romania,Bucharest,1.52,0.1045,29241567.86403336,-16734915.927505635,0.014896102133075795,-0.5722988591213436,20,0.7,30.000000000000004
Romania,Bucharest,1.52,0.1045,32094567.86403336,-19427748.788626175,0.00827290461301855,-0.6053282558883679,20,0.85,15.000000000000002
Romania,Bucharest,1.47,0.1045,34212818.782026015,-21646193.72268752,0.002540057955049413,-0.6326924963592747,20,1.0,0.0
Romania,Bucharest,1.66,0.1045,27798303.45362322,-4032398.663268892,0.08443952959010859,-0.14505916413195033,35,0.55,44.99999999999999
Romania,Bucharest,1.61,0.1045,30359429.371615876,-6832719.542786471,0.07286990497002699,-0.22506086854104795,35,0.7,30.000000000000004
Romania,Bucharest,1.52,0.1045,32094567.86403336,-9293795.934129149,0.06319967012523531,-0.2895753565993391,35,0.85,15.000000000000002
Romania,Bucharest,1.52,0.1045,34947567.86403336,-11986628.795249676,0.054912379370103404,-0.3429889267798185,35,1.0,0.0
Romania,Bucharest,1.66,0.1045,27798303.45362322,6722458.8345282385,0.13613303521042175,0.24182982410216244,50,0.55,44.99999999999999
Romania,Bucharest,1.61,0.1045,30359429.371615876,3723417.987855219,0.1207656652069109,0.12264453136712695,50,0.7,30.000000000000004
Romania,Bucharest,1.57,0.1045,32743555.28960853,864904.8404595931,0.10804895273687709,0.026414506085540402,50,0.85,15.000000000000002
Romania,Bucharest,1.52,0.1045,34947567.86403336,-1852675.9407526534,0.09728999073060485,-0.05301301503900515,50,1.0,0.0
Romania,Bucharest,1.71,0.1045,28269540.879198395,17780429.687502045,0.18412068021462802,0.6289606811614489,65,0.55,44.99999999999999
Romania,Bucharest,1.61,0.1045,30359429.371615876,14279555.518496916,0.16472526724172898,0.4703499312753021,65,0.7,30.000000000000004
Romania,Bucharest,1.57,0.1045,32743555.28960853,11214361.742496852,0.14883880202940514,0.3424906563538576,65,0.85,15.000000000000002
Romania,Bucharest,1.52,0.1045,34947567.86403336,8281276.913744365,0.13550301709419021,0.23696289670180812,65,1.0,0.0
Romania,Bucharest,1.71,0.1045,28269540.879198395,43321450.097279824,0.2913085838026088,1.5324426485170508,100,0.55,44.99999999999999
Romania,Bucharest,1.66,0.1045,30917178.45362322,39628202.162366815,0.26186800571367574,1.2817535151796084,100,0.7,30.000000000000004
Romania,Bucharest,1.57,0.1045,32743555.28960853,35363094.51391713,0.23805327399292486,1.080001673646598,100,0.85,15.000000000000002
Romania,Bucharest,1.52,0.1045,34947567.86403336,31927166.907570772,0.21828774916559301,0.9135733574303733,100,1.0,0.0
Slovakia,Bratislava,1.61,0.0599,27681668.04019805,-10830582.751035599,0.013300628602017639,-0.39125470095616793,20,0.55,44.99999999999999
Slovakia,Bratislava,1.57,0.0599,30143996.12057341,-13230813.403184222,0.006641858895071628,-0.43892035250608774,20,0.7,30.000000000000004
Slovakia,Bratislava,1.52,0.0599,32426542.222475782,-15493444.51131897,0.0009267100888343816,-0.4778013148925886,20,0.85,15.000000000000002
Slovakia,Bratislava,1.47,0.0599,34534495.30285114,-17833674.35032196,-0.0051433707363996994,-0.5164017656528377,20,1.0,0.0
Slovakia,Bratislava,1.71,0.0599,28642793.857920326,2246292.990482486,0.06812228331899828,0.07842436745608666,35,0.55,44.99999999999999
Slovakia,Bratislava,1.61,0.0599,30712043.04019805,-514080.211264548,0.05811045944462023,-0.016738717466359507,35,0.7,30.000000000000004
Slovakia,Bratislava,1.57,0.0599,33085871.12057341,-3099856.9515663884,0.049705779463774746,-0.09369125994203731,35,0.85,15.000000000000002
Slovakia,Bratislava,1.52,0.0599,35279542.22247578,-5548298.373027848,0.042513643127022105,-0.15726673373593705,35,1.0,0.0
Slovakia,Bratislava,1.71,0.0599,28642793.857920326,15721002.000971455,0.11344443373782198,0.5488641254395047,50,0.55,44.99999999999999
Slovakia,Bratislava,1.66,0.0599,31280089.959822696,12699130.87072293,0.10023085992500969,0.40598127713296744,50,0.7,30.000000000000004
Slovakia,Bratislava,1.61,0.0599,33742418.04019805,9802422.32850651,0.08924517993955106,0.2905074057475276,50,0.85,15.000000000000002
Slovakia,Bratislava,1.52,0.0599,35279542.22247578,6890918.596642575,0.07993561773492908,0.19532335632894154,50,1.0,0.0
Slovakia,Bratislava,1.76,0.0599,29122340.777544968,29695291.931663536,0.15492358750343205,1.0196739389355798,65,0.55,44.99999999999999
Slovakia,Bratislava,1.66,0.0599,31280089.959822696,25927979.86853505,0.13840343339204786,0.8288972282956317,65,0.7,30.000000000000004
Slovakia,Bratislava,1.61,0.0599,33742418.04019805,22777057.950841345,0.124806333009289,0.6750274364957057,65,0.85,15.000000000000002
Slovakia,Bratislava,1.57,0.0599,36027746.12057341,19742560.101243943,0.11334448265482733,0.547982103436942,65,1.0,0.0
Slovakia,Bratislava,1.76,0.0599,29122340.777544968,61691301.24747619,0.24608727084910553,2.1183496793308523,100,0.55,44.99999999999999
Slovakia,Bratislava,1.66,0.0599,31280089.959822696,56795294.19676333,0.22136484612068696,1.8157011143418482,100,0.7,30.000000000000004
Slovakia,Bratislava,1.61,0.0599,33742418.04019805,53051207.736289315,0.2013140351963314,1.5722408415747886,100,0.85,15.000000000000002
Slovakia,Bratislava,1.57,0.0599,36027746.12057341,49402634.83735978,0.18460398061463712,1.3712385635233708,100,1.0,0.0
Slovenia,Ljubljana,1.43,0.0615,29235467.28938033,-15853074.779033458,-0.008305329466464784,-0.5422548790520624,20,0.55,44.99999999999999
Slovenia,Ljubljana,1.43,0.0615,31911467.28938033,-18529074.779033456,-0.014768597796666616,-0.5806400129147199,20,0.7,30.000000000000004
Slovenia,Ljubljana,1.38,0.0615,33816028.48889074,-20724175.36715626,-0.020489003198547073,-0.6128506596794647,20,0.85,15.000000000000002
Slovenia,Ljubljana,1.38,0.0615,36403528.48889074,-23311675.367156267,-0.025633588486064895,-0.640368566862146,20,1.0,0.0
Slovenia,Ljubljana,1.52,0.0615,30424344.89035952,-4073988.115857327,0.04664672051053631,-0.1339055329059276,35,0.55,44.99999999999999
Slovenia,Ljubljana,1.47,0.0615,32594406.089869924,-6467779.532854047,0.039114299203344416,-0.1984321946232418,35,0.7,30.000000000000004
Slovenia,Ljubljana,1.43,0.0615,34587467.28938033,-8728719.907833748,0.032588855684774876,-0.252366553318398,35,0.85,15.000000000000002
Slovenia,Ljubljana,1.43,0.0615,37263467.28938033,-11107930.544693759,0.02686678599488257,-0.29809170623956927,35,1.0,0.0
Slovenia,Ljubljana,1.57,0.0615,31021302.499325767,8227535.080823513,0.08866692208601235,0.2652221028115223,50,0.55,44.99999999999999
Slovenia,Ljubljana,1.52,0.0615,33277344.89035952,5521226.258790018,0.07877375420439359,0.16591546822563727,50,0.7,30.000000000000004
Slovenia,Ljubljana,1.47,0.0615,35358906.089869924,2937706.3269356918,0.07028097248546694,0.08308250033157343,50,0.85,15.000000000000002
Slovenia,Ljubljana,1.43,0.0615,37263467.28938033,476529.60649515095,0.06287058971295756,0.012788117723842531,50,1.0,0.0
Slovenia,Ljubljana,1.57,0.0615,31021302.499325767,20618246.079093568,0.12616176048407457,0.6646479811588084,65,0.55,44.99999999999999
Slovenia,Ljubljana,1.52,0.0615,33277344.89035952,17653020.583721966,0.11388586783150823,0.5304816427477681,65,0.7,30.000000000000004
Slovenia,Ljubljana,1.47,0.0615,35358906.089869924,14801087.48029774,0.10342087847063297,0.4185957405661412,65,0.85,15.000000000000002
Slovenia,Ljubljana,1.47,0.0615,38123406.089869924,12343192.186725425,0.09435528640738844,0.32376939661761317,65,1.0,0.0
Slovenia,Ljubljana,1.61,0.0615,31615741.299815364,50504952.60079768,0.20670464377212605,1.597462230028199,100,0.55,44.99999999999999
Slovenia,Ljubljana,1.57,0.0615,33963177.49932577,46914307.05849777,0.188502577745707,1.3813285597152714,100,0.7,30.000000000000004
Slovenia,Ljubljana,1.52,0.0615,36130344.89035952,43423960.72494525,0.1732300892269918,1.2018695325693347,100,0.85,15.000000000000002
Slovenia,Ljubljana,1.47,0.0615,38123406.089869924,40024414.87790355,0.1601470861084917,1.0498646103014064,100,1.0,0.0
Spain,Madrid,1.33,0.0627,27930263.233097527,-10241532.855236689,0.01883350553830465,-0.36668228901976163,20,0.55,44.99999999999999
Spain,Madrid,1.28,0.0627,29749980.440359868,-12142356.021582028,0.013127067857927832,-0.4081466892364501,20,0.7,30.000000000000004
Spain,Madrid,1.24,0.0627,31392697.647622213,-13911104.464999005,0.008135214414267011,-0.4431318589166445,20,0.85,15.000000000000002
Spain,Madrid,1.24,0.0627,33714322.64762221,-15943411.92515201,0.0037424511148476114,-0.4728972932895764,20,1.0,0.0
Spain,Madrid,1.38,0.0627,28523172.753770515,3811236.248996915,0.0767826719083291,0.1336189449153444,35,0.55,44.99999999999999
Spain,Madrid,1.33,0.0627,30428888.233097523,1527121.7473666607,0.06807242676923009,0.050186577165366474,35,0.7,30.000000000000004
Spain,Madrid,1.28,0.0627,32160105.440359868,-641215.4554791608,0.06053474740211651,-0.01993822615626305,35,0.85,15.000000000000002
Spain,Madrid,1.28,0.0627,34570230.44035987,-2750994.174006595,0.053942580863676204,-0.07957696951868966,35,1.0,0.0
Spain,Madrid,1.43,0.0627,29113580.54650817,18476769.61034868,0.12508505945925874,0.6346443571525849,50,0.55,44.99999999999999
Spain,Madrid,1.38,0.0627,31110672.753770515,15831506.301362617,0.11343603884984677,0.5088770155072873,50,0.7,30.000000000000004
Spain,Madrid,1.33,0.0627,32927513.233097527,13295776.349969996,0.10349570453981993,0.40378926449281843,50,0.85,15.000000000000002
Spain,Madrid,1.28,0.0627,34570230.44035987,10859925.11062371,0.09483706388711655,0.3141409522669835,50,1.0,0.0
Spain,Madrid,1.43,0.0627,29113580.54650817,33076834.091338962,0.1696482550255609,1.1361307496513389,65,0.55,44.99999999999999
Spain,Madrid,1.38,0.0627,31110672.753770515,30116825.857048567,0.15495876064845615,0.9680544710624589,65,0.7,30.000000000000004
Spain,Madrid,1.33,0.0627,32927513.233097527,27251680.92947521,0.14250885912472144,0.827626451367813,65,0.85,15.000000000000002
Spain,Madrid,1.28,0.0627,34570230.44035987,24470844.39525401,0.13173229238346917,0.7078588740526566,65,1.0,0.0
Spain,Madrid,1.43,0.0627,29113580.54650817,67143651.21364962,0.2684429324505073,2.3062656654817646,100,0.55,44.99999999999999
Spain,Madrid,1.38,0.0627,31110672.753770515,63449238.15364913,0.2462074693891556,2.039468534024526,100,0.7,30.000000000000004
Spain,Madrid,1.33,0.0627,32927513.233097527,59815458.28165404,0.22753769065002105,1.816579887409467,100,0.85,15.000000000000002
Spain,Madrid,1.33,0.0627,35426138.23309752,57628208.30475217,0.2115428594225237,1.6267143747243653,100,1.0,0.0
Sweden,Stockholm,1.38,0.0573,31393699.484471925,-22808441.631345034,-0.04665752133255219,-0.7265292719842283,20,0.55,44.99999999999999
Sweden,Stockholm,1.38,0.0573,33981199.484471925,-25395941.631345037,-0.05158277638351427,-0.7473527131657017,20,0.7,30.000000000000004
Sweden,Stockholm,1.33,0.0573,35699443.61087484,-27311471.758650456,-0.05599472291427954,-0.7650391433644299,20,0.85,15.000000000000002
Sweden,Stockholm,1.33,0.0573,38198068.61087484,-29810096.758650456,-0.0600420230930645,-0.7804084824897047,20,1.0,0.0
Sweden,Stockholm,1.52,0.0573,33459463.866356865,-11716103.20932249,0.01665998455494,-0.35015812734234836,35,0.55,44.99999999999999
Sweden,Stockholm,1.47,0.0573,35535375.739061885,-13950122.739879811,0.011025627153105289,-0.3925700080482134,35,0.7,30.000000000000004
Sweden,Stockholm,1.47,0.0573,38299875.739061885,-16415801.513591796,0.006057852586577761,-0.42861239617154656,35,0.85,15.000000000000002
Sweden,Stockholm,1.43,0.0573,40110287.611766905,-18438245.93053557,0.001609676785643055,-0.4596886990440442,35,1.0,0.0
Sweden,Stockholm,1.57,0.0573,34150969.73995395,-813412.679947311,0.05478104983983645,-0.023818142973424324,50,0.55,44.99999999999999
Sweden,Stockholm,1.52,0.0573,36312463.866356865,-3355750.281143198,0.04736932599880617,-0.09241318059533457,50,0.7,30.000000000000004
Sweden,Stockholm,1.47,0.0573,38299875.739061885,-5769916.3526785225,0.04087106510030525,-0.15065104628508777,50,0.85,15.000000000000002
Sweden,Stockholm,1.47,0.0573,41064375.739061885,-8235595.126390514,0.035129698433768786,-0.20055327709649132,50,1.0,0.0
Sweden,Stockholm,1.61,0.0573,34839557.86724893,10561835.447119074,0.08744761202648843,0.3031564145378484,65,0.55,44.99999999999999
Sweden,Stockholm,1.57,0.0573,37092844.73995395,7718906.425882654,0.07831614164337775,0.2080969114123609,65,0.7,30.000000000000004
Sweden,Stockholm,1.52,0.0573,39165463.866356865,5004602.647036111,0.07039117909386805,0.12778101298922862,65,0.85,15.000000000000002
Sweden,Stockholm,1.47,0.0573,41064375.739061885,2410290.034522765,0.06339456332588322,0.05869540182075657,65,1.0,0.0
Sweden,Stockholm,1.66,0.0573,35528145.99454391,37897568.20033468,0.15472641975614554,1.0666914115404347,100,0.55,44.99999999999999
Sweden,Stockholm,1.61,0.0573,37869932.86724893,34458353.87844765,0.14149161006478428,0.90991325490963,100,0.7,30.000000000000004
Sweden,Stockholm,1.57,0.0573,40034719.73995395,31126158.870100968,0.13013274934042807,0.7774791249265973,100,0.85,15.000000000000002
Sweden,Stockholm,1.52,0.0573,42018463.866356865,27904909.616983987,0.12024965281512934,0.6641106563471196,100,1.0,0.0
United Kingdom,London,1.38,0.0642,32887413.568657555,-25281553.516770314,-0.05329480768757877,-0.7687303674395424,20,0.55,44.99999999999999
United Kingdom,London,1.38,0.0642,35474913.568657555,-27869053.516770314,-0.057881498006043475,-0.7855989123929228,20,0.7,30.000000000000004
United Kingdom,London,1.33,0.0642,37141851.86347323,-29717075.481498245,-0.06203105266411424,-0.8000967639075421,20,0.85,15.000000000000002
United Kingdom,London,1.33,0.0642,39640476.86347323,-32215700.481498245,-0.06583636181887897,-0.812697097273909,20,1.0,0.0
United Kingdom,London,1.57,0.0642,35849257.709582396,-14987477.080165777,0.01280286976408429,-0.418069383795349,35,0.55,44.99999999999999
United Kingdom,London,1.52,0.0642,37959446.00439807,-17180158.0772241,0.007795809168128054,-0.4525924344426303,35,0.7,30.000000000000004
United Kingdom,London,1.47,0.0642,39895768.5258179,-19235928.938260254,0.0033620296061911414,-0.48215461561573963,35,0.85,15.000000000000002
United Kingdom,London,1.47,0.0642,42660268.5258179,-21715662.854678486,-0.0009526232962191461,-0.5090371815530466,35,1.0,0.0
United Kingdom,London,1.61,0.0642,36588935.188162565,-4771484.970904968,0.04953990383064233,-0.13040786637728288,50,0.55,44.99999999999999
United Kingdom,London,1.57,0.0642,38791132.709582396,-7268240.684007071,0.04282943746907564,-0.18736861175006705,50,0.7,30.000000000000004
United Kingdom,London,1.52,0.0642,40812446.00439807,-9625444.393012052,0.03694049242015418,-0.23584581017209275,50,0.85,15.000000000000002
United Kingdom,London,1.52,0.0642,43665446.00439807,-12127848.098775405,0.03170010978534821,-0.27774474346497835,50,1.0,0.0
United Kingdom,London,1.66,0.0642,37328612.66674274,5892325.71933997,0.08091528613795806,0.1578501127792952,65,0.55,44.99999999999999
United Kingdom,London,1.61,0.0642,39619310.188162565,3106588.370886683,0.07262194110017184,0.0784109656663045,65,0.7,30.000000000000004
United Kingdom,London,1.57,0.0642,41733007.709582396,450995.712151638,0.06537613827106004,0.010806690840259855,65,0.85,15.000000000000002
United Kingdom,London,1.52,0.0642,43665446.00439807,-2070730.7087999994,0.05897496413902914,-0.04742263959908783,65,1.0,0.0
United Kingdom,London,1.71,0.0642,38071424.37192707,31640294.03567905,0.14514535681859808,0.8310772333227917,100,0.55,44.99999999999999
United Kingdom,London,1.66,0.0642,40447487.66674274,28279073.545551345,0.13313235012565516,0.6991552547972796,100,0.7,30.000000000000004
United Kingdom,London,1.61,0.0642,42649685.188162565,25032735.026843157,0.12274494847391582,0.5869383306442553,100,0.85,15.000000000000002
United Kingdom,London,1.57,0.0642,44674882.709582396,21903023.481196582,0.11364751354083857,0.49027601535254983,100,1.0,0.0
