city,ILR,E_AC_MWh,P_AC_nom_MVA
Madrid,1.0,80908.49173260348,50.05
Madrid,1.05,84725.2505418314,50.05
Madrid,1.1,88539.05378191221,50.05
Amsterdam,1.0,51259.344982714676,50.05
Amsterdam,1.05,53688.05473254059,50.05
Amsterdam,1.1,56115.91444009826,50.05
Amsterdam,1.14,58542.92240846435,50.05
Amsterdam,1.19,60965.945200851515,50.05
Amsterdam,1.24,63377.865467955016,50.05
Amsterdam,1.28,65763.34374265716,50.05
Amsterdam,1.33,68101.03184477867,50.05
Amsterdam,1.38,70385.89409856616,50.05
Amsterdam,1.43,72612.9669553108,50.05
Amsterdam,1.47,74780.14939624295,50.05
Amsterdam,1.52,76892.98547676539,50.05
Amsterdam,1.57,78957.47422286091,50.05
Amsterdam,1.61,80974.08122827565,50.05
Amsterdam,1.66,82943.00671638345,50.05
Amsterdam,1.71,84864.18443025861,50.05
Amsterdam,1.76,86737.66825013347,50.05
Amsterdam,1.8,88563.71463581632,50.05
Amsterdam,1.85,90339.94664450515,50.05
Amsterdam,1.9,92069.37265553777,50.05
Amsterdam,1.95,93756.43269829755,50.05
Amsterdam,1.99,95401.1136279664,50.05
Amsterdam,2.04,97004.5067381287,50.05
Amsterdam,2.09,98571.17269958562,50.05
Amsterdam,2.13,100102.70356396191,50.05
Amsterdam,2.18,101600.0700141055,50.05
Amsterdam,2.23,103062.03414026611,50.05
Amsterdam,2.28,104490.51089212856,50.05
Amsterdam,2.32,105888.52994691253,50.05
Amsterdam,2.37,107257.42537305193,50.05
Amsterdam,2.42,108597.32184068677,50.05
Amsterdam,2.46,109911.09498000164,50.05
Amsterdam,2.51,111199.36750730174,50.05
Amsterdam,2.56,112463.18248464022,50.05
Amsterdam,2.61,113702.91267537461,50.05
Amsterdam,2.65,114918.23323224676,50.05
Amsterdam,2.7,116110.32209438333,50.05
Amsterdam,2.75,117279.66275697082,50.05
Amsterdam,2.79,118427.21379501135,50.05
Amsterdam,2.84,119553.3654747052,50.05
Athens,1.0,78728.6257062137,50.05
Athens,1.05,82442.19915737274,50.05
Athens,1.1,86154.01010274794,50.05
Athens,1.14,89853.3059182062,50.05
Athens,1.19,93490.3073445812,50.05
Athens,1.24,97004.58381040525,50.05
Athens,1.28,100331.9212092616,50.05
Athens,1.33,103451.12794477302,50.05
Athens,1.38,106390.17897736329,50.05
Athens,1.43,109174.9953536385,50.05
Athens,1.47,111825.8255901038,50.05
Athens,1.52,114358.57619824308,50.05
Athens,1.57,116783.7628493565,50.05
Athens,1.61,119107.24468020009,50.05
Athens,1.66,121335.46675572924,50.05
Athens,1.71,123471.51937374925,50.05
Athens,1.76,125514.26533844399,50.05
Athens,1.8,127467.09195118616,50.05
Athens,1.85,129340.31828926018,50.05
Athens,1.9,131143.1054210452,50.05
Athens,1.95,132882.18168066378,50.05
Athens,1.99,134562.15980112128,50.05
Athens,2.04,136184.3995812109,50.05
Athens,2.09,137751.49379976577,50.05
Athens,2.13,139265.31803570772,50.05
Athens,2.18,140727.1751845391,50.05
Athens,2.23,142134.71579014888,50.05
Athens,2.28,143489.7674861024,50.05
Athens,2.32,144796.64987226622,50.05
Athens,2.37,146061.17427838882,50.05
Athens,2.42,147284.881754657,50.05
Athens,2.46,148469.44544669718,50.05
Athens,2.51,149616.993046983,50.05
Athens,2.56,150729.70269388013,50.05
Athens,2.61,151810.49998210356,50.05
Athens,2.65,152860.85936079748,50.05
Athens,2.7,153881.85245321144,50.05
Athens,2.75,154875.2387067003,50.05
Athens,2.79,155842.75566466153,50.05
Athens,2.84,156785.1605412403,50.05
Berlin,1.0,52547.29531553561,50.05
Berlin,1.05,55035.37990377493,50.05
Berlin,1.1,57522.54686155476,50.05
Berlin,1.14,60008.79290893706,50.05
Berlin,1.19,62493.54083796319,50.05
Berlin,1.24,64966.25922331252,50.05
Berlin,1.28,67405.800532291,50.05
Berlin,1.33,69784.03988865756,50.05
Berlin,1.38,72086.63724972917,50.05
Berlin,1.43,74319.02591692294,50.05
Berlin,1.47,76489.05891811728,50.05
Berlin,1.52,78597.23904061459,50.05
Berlin,1.57,80645.6149183938,50.05
Berlin,1.61,82639.26793432389,50.05
Berlin,1.66,84575.24621233233,50.05
Berlin,1.71,86457.93898204519,50.05
Berlin,1.76,88284.46409677101,50.05
Berlin,1.8,90057.9382591491,50.05
Berlin,1.85,91778.834539281,50.05
Berlin,1.9,93450.59803749186,50.05
Berlin,1.95,95079.57451629746,50.05
Berlin,1.99,96666.69955828149,50.05
Berlin,2.04,98212.00008650217,50.05
Berlin,2.09,99716.87928975977,50.05
Berlin,2.13,101186.76861654577,50.05
Berlin,2.18,102622.34441558685,50.05
Berlin,2.23,104022.79960645585,50.05
Berlin,2.28,105389.39516579066,50.05
Berlin,2.32,106723.17056769792,50.05
Berlin,2.37,108024.65668523799,50.05
Berlin,2.42,109295.39741442459,50.05
Berlin,2.46,110536.94438194968,50.05
Berlin,2.51,111751.44824303222,50.05
Berlin,2.56,112939.5469334274,50.05
Berlin,2.61,114103.04273932824,50.05
Berlin,2.65,115241.67384363903,50.05
Berlin,2.7,116356.04154389184,50.05
Berlin,2.75,117447.94838455738,50.05
Berlin,2.79,118518.28804140129,50.05
Berlin,2.84,119567.3476880196,50.05
Bratislava,1.0,60306.95749986458,50.05
Bratislava,1.05,63158.11494104941,50.05
Bratislava,1.1,66008.1224453996,50.05
Bratislava,1.14,68856.97872012305,50.05
Bratislava,1.19,71702.68937863156,50.05
Bratislava,1.24,74521.12191008155,50.05
Bratislava,1.28,77276.09169316763,50.05
Bratislava,1.33,79944.78508053753,50.05
Bratislava,1.38,82523.45391066163,50.05
Bratislava,1.43,85008.28733669616,50.05
Bratislava,1.47,87392.73094995038,50.05
Bratislava,1.52,89675.42276043854,50.05
Bratislava,1.57,91859.36794156914,50.05
Bratislava,1.61,93957.7319463004,50.05
Bratislava,1.66,95978.65231234166,50.05
Bratislava,1.71,97931.2504161691,50.05
Bratislava,1.76,99823.48751163679,50.05
Bratislava,1.8,101658.96752329987,50.05
Bratislava,1.85,103438.14899889186,50.05
Bratislava,1.9,105164.81015570535,50.05
Bratislava,1.95,106841.02849749342,50.05
Bratislava,1.99,108468.67952731624,50.05
Bratislava,2.04,110050.8284451388,50.05
Bratislava,2.09,111590.01318853816,50.05
Bratislava,2.13,113088.1332277664,50.05
Bratislava,2.18,114547.72158224318,50.05
Bratislava,2.23,115970.88833003916,50.05
Bratislava,2.28,117357.84895470827,50.05
Bratislava,2.32,118709.30501862419,50.05
Bratislava,2.37,120027.08233014491,50.05
Bratislava,2.42,121311.99339666766,50.05
Bratislava,2.46,122566.60200416979,50.05
Bratislava,2.51,123793.52266940629,50.05
Bratislava,2.56,124994.61836967476,50.05
Bratislava,2.61,126170.35635757804,50.05
Bratislava,2.65,127319.86070041617,50.05
Bratislava,2.7,128443.3873199399,50.05
Bratislava,2.75,129542.62954173812,50.05
Bratislava,2.79,130618.83187902077,50.05
Bratislava,2.84,131673.2330266829,50.05
Brussels,1.0,52394.83282757506,50.05
Brussels,1.05,54878.272896712675,50.05
Brussels,1.1,57360.87324172663,50.05
Brussels,1.14,59842.63224954954,50.05
Brussels,1.19,62321.05711810897,50.05
Brussels,1.24,64784.43077952546,50.05
Brussels,1.28,67222.3662116655,50.05
Brussels,1.33,69619.2144936212,50.05
Brussels,1.38,71975.48629850653,50.05
Brussels,1.43,74286.73469555013,50.05
Brussels,1.47,76549.6712480802,50.05
Brussels,1.52,78765.09475150189,50.05
Brussels,1.57,80932.50421400028,50.05
Brussels,1.61,83052.07023818279,50.05
Brussels,1.66,85120.15059891966,50.05
Brussels,1.71,87138.95228367652,50.05
Brussels,1.76,89109.94905854837,50.05
Brussels,1.8,91029.84426535756,50.05
Brussels,1.85,92901.88502411671,50.05
Brussels,1.9,94727.71622647259,50.05
Brussels,1.95,96511.901320237,50.05
Brussels,1.99,98257.44040347416,50.05
Brussels,2.04,99967.83862288092,50.05
Brussels,2.09,101644.30215594365,50.05
Brussels,2.13,103285.14042990068,50.05
Brussels,2.18,104892.23312818777,50.05
Brussels,2.23,106464.1654351868,50.05
Brussels,2.28,107999.76955772784,50.05
Brussels,2.32,109501.20049305688,50.05
Brussels,2.37,110972.29145483208,50.05
Brussels,2.42,112414.05790057527,50.05
Brussels,2.46,113828.1055987678,50.05
Brussels,2.51,115213.58021929054,50.05
Brussels,2.56,116570.38213054487,50.05
Brussels,2.61,117899.439705292,50.05
Brussels,2.65,119203.2871626496,50.05
Brussels,2.7,120482.09906066963,50.05
Brussels,2.75,121736.0567267108,50.05
Brussels,2.79,122966.73191450982,50.05
Brussels,2.84,124174.40450006862,50.05
Bucharest,1.0,64880.93372251338,50.05
Bucharest,1.05,67946.04524022352,50.05
Bucharest,1.1,71009.85073059313,50.05
Bucharest,1.14,74072.22672467228,50.05
Bucharest,1.19,77127.74338395344,50.05
Bucharest,1.24,80159.07088507156,50.05
Bucharest,1.28,83109.98866369264,50.05
Bucharest,1.33,85918.28377835754,50.05
Bucharest,1.38,88580.19081668333,50.05
Bucharest,1.43,91121.79012102414,50.05
Bucharest,1.47,93555.68462454315,50.05
Bucharest,1.52,95894.22255586399,50.05
Bucharest,1.57,98143.0814409125,50.05
Bucharest,1.61,100305.33136190202,50.05
Bucharest,1.66,102391.57404094284,50.05
Bucharest,1.71,104399.8528209426,50.05
Bucharest,1.76,106332.22453638818,50.05
Bucharest,1.8,108195.28705042381,50.05
Bucharest,1.85,109993.95976012184,50.05
Bucharest,1.9,111732.66324737362,50.05
Bucharest,1.95,113415.38985263,50.05
Bucharest,1.99,115047.91315328689,50.05
Bucharest,2.04,116632.14428852171,50.05
Bucharest,2.09,118164.91407125458,50.05
Bucharest,2.13,119650.16602427767,50.05
Bucharest,2.18,121092.8220309441,50.05
Bucharest,2.23,122494.41500525347,50.05
Bucharest,2.28,123856.73749055751,50.05
Bucharest,2.32,125177.66536893985,50.05
Bucharest,2.37,126459.03516650129,50.05
Bucharest,2.42,127704.83540805882,50.05
Bucharest,2.46,128917.56755600557,50.05
Bucharest,2.51,130099.72748195472,50.05
Bucharest,2.56,131253.8520054661,50.05
Bucharest,2.61,132381.01925365554,50.05
Bucharest,2.65,133481.78508727477,50.05
Bucharest,2.7,134556.23049830654,50.05
Bucharest,2.75,135606.2255253274,50.05
Bucharest,2.79,136632.8209095076,50.05
Bucharest,2.84,137636.2109275466,50.05
Budapest,1.0,62505.600779242,50.05
Budapest,1.05,65460.00664817805,50.05
Budapest,1.1,68413.20923848082,50.05
Budapest,1.14,71365.20832244302,50.05
Budapest,1.19,74313.79114098409,50.05
Budapest,1.24,77238.9775658751,50.05
Budapest,1.28,80103.01281737814,50.05
Budapest,1.33,82889.45909932721,50.05
Budapest,1.38,85580.5463495126,50.05
Budapest,1.43,88170.32206727896,50.05
Budapest,1.47,90647.77929091934,50.05
Budapest,1.52,93011.64691531993,50.05
Budapest,1.57,95277.81569346625,50.05
Budapest,1.61,97459.42701763354,50.05
Budapest,1.66,99567.24534658904,50.05
Budapest,1.71,101598.53433936121,50.05
Budapest,1.76,103560.2410416799,50.05
Budapest,1.8,105458.1473266642,50.05
Budapest,1.85,107298.7132638472,50.05
Budapest,1.9,109084.7947080209,50.05
Budapest,1.95,110819.56797268435,50.05
Budapest,1.99,112505.41352018261,50.05
Budapest,2.04,114141.75482075072,50.05
Budapest,2.09,115730.08693566055,50.05
Budapest,2.13,117273.21365997469,50.05
Budapest,2.18,118776.04710944778,50.05
Budapest,2.23,120239.01066698019,50.05
Budapest,2.28,121661.3153208522,50.05
Budapest,2.32,123048.63003683808,50.05
Budapest,2.37,124400.34328941656,50.05
Budapest,2.42,125716.69403335989,50.05
Budapest,2.46,126999.26956314598,50.05
Budapest,2.51,128248.55246872868,50.05
Budapest,2.56,129466.22368924975,50.05
Budapest,2.61,130652.54769740712,50.05
Budapest,2.65,131809.85331253248,50.05
Budapest,2.7,132939.13328074734,50.05
Budapest,2.75,134041.12426225844,50.05
Budapest,2.79,135116.2900802217,50.05
Budapest,2.84,136165.5949493816,50.05
Copenhagen,1.0,52566.918397937035,50.05
Copenhagen,1.05,55057.46438859598,50.05
Copenhagen,1.1,57547.1139142009,50.05
Copenhagen,1.14,60035.86654896368,50.05
Copenhagen,1.19,62523.71853464345,50.05
Copenhagen,1.24,64998.594888203916,50.05
Copenhagen,1.28,67432.08105490597,50.05
Copenhagen,1.33,69793.8917371847,50.05
Copenhagen,1.38,72070.5664824254,50.05
Copenhagen,1.43,74279.82946148365,50.05
Copenhagen,1.47,76430.77872044955,50.05
Copenhagen,1.52,78523.87121084891,50.05
Copenhagen,1.57,80563.49220898592,50.05
Copenhagen,1.61,82545.40180119047,50.05
Copenhagen,1.66,84464.97359423223,50.05
Copenhagen,1.71,86328.75492431945,50.05
Copenhagen,1.76,88144.35382205114,50.05
Copenhagen,1.8,89913.29520989554,50.05
Copenhagen,1.85,91639.14529215793,50.05
Copenhagen,1.9,93320.45652832047,50.05
Copenhagen,1.95,94957.84085821974,50.05
Copenhagen,1.99,96552.66651852908,50.05
Copenhagen,2.04,98106.9027941008,50.05
Copenhagen,2.09,99622.94683046137,50.05
Copenhagen,2.13,101105.54966003243,50.05
Copenhagen,2.18,102557.3086297189,50.05
Copenhagen,2.23,103978.82938376693,50.05
Copenhagen,2.28,105371.91233558841,50.05
Copenhagen,2.32,106736.57876123625,50.05
Copenhagen,2.37,108072.90879493873,50.05
Copenhagen,2.42,109382.26575439765,50.05
Copenhagen,2.46,110665.6329191645,50.05
Copenhagen,2.51,111923.9426193253,50.05
Copenhagen,2.56,113158.15730030891,50.05
Copenhagen,2.61,114370.65187823407,50.05
Copenhagen,2.65,115561.56469682234,50.05
Copenhagen,2.7,116730.8258282969,50.05
Copenhagen,2.75,117879.49366238642,50.05
Copenhagen,2.79,119007.03966936942,50.05
Copenhagen,2.84,120113.59166115923,50.05
Dublin,1.0,49355.580485090715,50.05
Dublin,1.05,51695.854554620135,50.05
Dublin,1.1,54035.36309919772,50.05
Dublin,1.14,56374.10493489434,50.05
Dublin,1.19,58711.32845529564,50.05
Dublin,1.24,61039.23706975686,50.05
Dublin,1.28,63339.59208675434,50.05
Dublin,1.33,65591.55664939429,50.05
Dublin,1.38,67797.49564830193,50.05
Dublin,1.43,69964.00649574121,50.05
Dublin,1.47,72091.89872638223,50.05
Dublin,1.52,74179.24739365834,50.05
Dublin,1.57,76225.33206025623,50.05
Dublin,1.61,78231.10621729291,50.05
Dublin,1.66,80191.32039597517,50.05
Dublin,1.71,82107.84647547411,50.05
Dublin,1.76,83985.05251800302,50.05
Dublin,1.8,85826.0975955589,50.05
Dublin,1.85,87630.03157375655,50.05
Dublin,1.9,89398.49039212514,50.05
Dublin,1.95,91132.49559642492,50.05
Dublin,1.99,92828.61998302293,50.05
Dublin,2.04,94489.98079917805,50.05
Dublin,2.09,96118.61551521189,50.05
Dublin,2.13,97718.32774376418,50.05
Dublin,2.18,99288.95437809748,50.05
Dublin,2.23,100830.70755163276,50.05
Dublin,2.28,102342.5109176217,50.05
Dublin,2.32,103822.95442942792,50.05
Dublin,2.37,105271.2657898109,50.05
Dublin,2.42,106689.49816118184,50.05
Dublin,2.46,108080.88397075416,50.05
Dublin,2.51,109446.85115876391,50.05
Dublin,2.56,110788.93974926333,50.05
Dublin,2.61,112107.13852415173,50.05
Dublin,2.65,113401.71779932393,50.05
Dublin,2.7,114673.98697627602,50.05
Dublin,2.75,115924.19848877731,50.05
Dublin,2.79,117151.272504829,50.05
Dublin,2.84,118357.16354131426,50.05
Helsinki,1.0,48533.95801849098,50.05
Helsinki,1.05,50833.30350534218,50.05
Helsinki,1.1,53131.79213081152,50.05
Helsinki,1.14,55429.423916200954,50.05
Helsinki,1.19,57726.19486457828,50.05
Helsinki,1.24,60020.972930225726,50.05
Helsinki,1.28,62278.92630162106,50.05
Helsinki,1.33,64457.28011027608,50.05
Helsinki,1.38,66539.4808066943,50.05
Helsinki,1.43,68535.29896523753,50.05
Helsinki,1.47,70459.83135815112,50.05
Helsinki,1.52,72318.59415511177,50.05
Helsinki,1.57,74116.47095392186,50.05
Helsinki,1.61,75859.52865124188,50.05
Helsinki,1.66,77545.55744460564,50.05
Helsinki,1.71,79181.23898434786,50.05
Helsinki,1.76,80768.57199883212,50.05
Helsinki,1.8,82304.46485629023,50.05
Helsinki,1.85,83793.39149887866,50.05
Helsinki,1.9,85242.76105853223,50.05
Helsinki,1.95,86655.08919327897,50.05
Helsinki,1.99,88031.71470380007,50.05
Helsinki,2.04,89375.14794523966,50.05
Helsinki,2.09,90688.63144356155,50.05
Helsinki,2.13,91971.6230698909,50.05
Helsinki,2.18,93223.19105211957,50.05
Helsinki,2.23,94445.61474169158,50.05
Helsinki,2.28,95642.31327501178,50.05
Helsinki,2.32,96813.32438024528,50.05
Helsinki,2.37,97960.00186189859,50.05
Helsinki,2.42,99085.66441286789,50.05
Helsinki,2.46,100191.01192149823,50.05
Helsinki,2.51,101276.68243019797,50.05
Helsinki,2.56,102343.3109164043,50.05
Helsinki,2.61,103391.89568828505,50.05
Helsinki,2.65,104423.61397481732,50.05
Helsinki,2.7,105439.1386683254,50.05
Helsinki,2.75,106439.14459261013,50.05
Helsinki,2.79,107423.55065923942,50.05
Helsinki,2.84,108392.12929231576,50.05
Lisbon,1.0,78934.78424493996,50.05
Lisbon,1.05,82658.25310710902,50.05
Lisbon,1.1,86379.20319429241,50.05
Lisbon,1.14,90077.3821351188,50.05
Lisbon,1.19,93662.06334660554,50.05
Lisbon,1.24,97037.2171814852,50.05
Lisbon,1.28,100177.79675240624,50.05
Lisbon,1.33,103142.16963729703,50.05
Lisbon,1.38,105961.97425660635,50.05
Lisbon,1.43,108651.19299572665,50.05
Lisbon,1.47,111223.37410851198,50.05
Lisbon,1.52,113691.81208546911,50.05
Lisbon,1.57,116067.17068864855,50.05
Lisbon,1.61,118358.11143974726,50.05
Lisbon,1.66,120565.40101356592,50.05
Lisbon,1.71,122694.41802970161,50.05
Lisbon,1.76,124753.73879558177,50.05
Lisbon,1.8,126745.91535924483,50.05
Lisbon,1.85,128671.15194453578,50.05
Lisbon,1.9,130530.10125965842,50.05
Lisbon,1.95,132330.01481851135,50.05
Lisbon,1.99,134074.09976278097,50.05
Lisbon,2.04,135765.1291515038,50.05
Lisbon,2.09,137407.3704164517,50.05
Lisbon,2.13,139001.02053708074,50.05
Lisbon,2.18,140544.54101456548,50.05
Lisbon,2.23,142035.9562907694,50.05
Lisbon,2.28,143476.1796455321,50.05
Lisbon,2.32,144866.93171788563,50.05
Lisbon,2.37,146213.05969680825,50.05
Lisbon,2.42,147518.45342933116,50.05
Lisbon,2.46,148784.298239184,50.05
Lisbon,2.51,150012.42609097288,50.05
Lisbon,2.56,151203.63695501577,50.05
Lisbon,2.61,152359.212519845,50.05
Lisbon,2.65,153480.82924567012,50.05
Lisbon,2.7,154569.75410449284,50.05
Lisbon,2.75,155625.43402331593,50.05
Lisbon,2.79,156651.56020853337,50.05
Lisbon,2.84,157650.2268790267,50.05
Ljubljana,1.0,58517.68654166122,50.05
Ljubljana,1.05,61284.98032650263,50.05
Ljubljana,1.1,64051.15564418521,50.05
Ljubljana,1.14,66816.21135871434,50.05
Ljubljana,1.19,69576.9126384836,50.05
Ljubljana,1.24,72313.16759909038,50.05
Ljubljana,1.28,74987.48065919655,50.05
Ljubljana,1.33,77561.24735988592,50.05
Ljubljana,1.38,80035.6659675566,50.05
Ljubljana,1.43,82405.43495671407,50.05
Ljubljana,1.47,84678.06024021885,50.05
Ljubljana,1.52,86856.62792072345,50.05
Ljubljana,1.57,88938.82812246616,50.05
Ljubljana,1.61,90931.29072557465,50.05
Ljubljana,1.66,92851.69021188738,50.05
Ljubljana,1.71,94707.9063364198,50.05
Ljubljana,1.76,96505.87828899431,50.05
Ljubljana,1.8,98247.6098596172,50.05
Ljubljana,1.85,99935.52081645753,50.05
Ljubljana,1.9,101575.16845872608,50.05
Ljubljana,1.95,103170.28691677279,50.05
Ljubljana,1.99,104721.69550502833,50.05
Ljubljana,2.04,106233.22968897973,50.05
Ljubljana,2.09,107708.9608987133,50.05
Ljubljana,2.13,109150.36099429542,50.05
Ljubljana,2.18,110556.84622544405,50.05
Ljubljana,2.23,111929.1530600625,50.05
Ljubljana,2.28,113270.09839527987,50.05
Ljubljana,2.32,114581.75214276057,50.05
Ljubljana,2.37,115865.80271246051,50.05
Ljubljana,2.42,117122.77754868164,50.05
Ljubljana,2.46,118353.63453346716,50.05
Ljubljana,2.51,119559.39275025044,50.05
Ljubljana,2.56,120740.48055279812,50.05
Ljubljana,2.61,121896.83213730055,50.05
Ljubljana,2.65,123029.25332748085,50.05
Ljubljana,2.7,124137.72798182692,50.05
Ljubljana,2.75,125222.57288473322,50.05
Ljubljana,2.79,126285.46443555066,50.05
Ljubljana,2.84,127327.17835845861,50.05
London,1.0,51251.38051040603,50.05
London,1.05,53680.584095365026,50.05
London,1.1,56108.969657452166,50.05
London,1.14,58536.53437557001,50.05
London,1.19,60961.43347736235,50.05
London,1.24,63367.67593598605,50.05
London,1.28,65745.72663749392,50.05
London,1.33,68083.18714441064,50.05
London,1.38,70368.10652329476,50.05
London,1.43,72605.19011603207,50.05
London,1.47,74794.32242267254,50.05
London,1.52,76938.70182022655,50.05
London,1.57,79030.33931923998,50.05
London,1.61,81077.08369149997,50.05
London,1.66,83079.75824152114,50.05
London,1.71,85036.93883259279,50.05
London,1.76,86949.98957030852,50.05
London,1.8,88822.47438004495,50.05
London,1.85,90654.07423905496,50.05
London,1.9,92447.81625841135,50.05
London,1.95,94204.43682099061,50.05
London,1.99,95926.07344498439,50.05
London,2.04,97612.66432034537,50.05
London,2.09,99266.33997928847,50.05
London,2.13,100886.38778472878,50.05
London,2.18,102474.69857219137,50.05
London,2.23,104032.0462405075,50.05
London,2.28,105557.54573284202,50.05
London,2.32,107050.54789604925,50.05
London,2.37,108511.35987055638,50.05
London,2.42,109941.19423569442,50.05
London,2.46,111341.69147684435,50.05
London,2.51,112714.66375051595,50.05
London,2.56,114061.98844184287,50.05
London,2.61,115385.07108354857,50.05
London,2.65,116684.06859631943,50.05
London,2.7,117959.48851388374,50.05
London,2.75,119211.69799019396,50.05
London,2.79,120442.44200001606,50.05
London,2.84,121651.59451482276,50.05
Luxembourg,1.0,53230.09869644044,50.05
Luxembourg,1.05,55751.02575361739,50.05
Luxembourg,1.1,58271.048287231475,50.05
Luxembourg,1.14,60790.09547983717,50.05
Luxembourg,1.19,63300.70055636498,50.05
Luxembourg,1.24,65785.23604337034,50.05
Luxembourg,1.28,68227.50681599628,50.05
Luxembourg,1.33,70621.57798598631,50.05
Luxembourg,1.38,72962.6512187439,50.05
Luxembourg,1.43,75242.25596432107,50.05
Luxembourg,1.47,77462.8986650792,50.05
Luxembourg,1.52,79620.69405890944,50.05
Luxembourg,1.57,81712.88913072801,50.05
Luxembourg,1.61,83746.31016188276,50.05
Luxembourg,1.66,85730.23187688823,50.05
Luxembourg,1.71,87666.51136895645,50.05
Luxembourg,1.76,89557.22164772087,50.05
Luxembourg,1.8,91405.31211947069,50.05
Luxembourg,1.85,93210.20860307393,50.05
Luxembourg,1.9,94976.26789890489,50.05
Luxembourg,1.95,96704.77647006251,50.05
Luxembourg,1.99,98393.1676140506,50.05
Luxembourg,2.04,100042.85069867683,50.05
Luxembourg,2.09,101653.85832058877,50.05
Luxembourg,2.13,103227.96342541998,50.05
Luxembourg,2.18,104765.39090850744,50.05
Luxembourg,2.23,106267.01761137949,50.05
Luxembourg,2.28,107732.38233291917,50.05
Luxembourg,2.32,109163.6596275604,50.05
Luxembourg,2.37,110561.3678476005,50.05
Luxembourg,2.42,111927.96322392585,50.05
Luxembourg,2.46,113267.14031629232,50.05
Luxembourg,2.51,114579.78205030406,50.05
Luxembourg,2.56,115867.27292450675,50.05
Luxembourg,2.61,117129.38074159685,50.05
Luxembourg,2.65,118366.15610205119,50.05
Luxembourg,2.7,119579.77927730797,50.05
Luxembourg,2.75,120771.65492511091,50.05
Luxembourg,2.79,121941.41415316837,50.05
Luxembourg,2.84,123089.25155406179,50.05
Madrid,1.0,80908.49173260348,50.05
Madrid,1.05,84725.2505418314,50.05
Madrid,1.1,88539.05378191221,50.05
Madrid,1.14,92325.10576347075,50.05
Madrid,1.19,96012.38340060206,50.05
Madrid,1.24,99529.38484490654,50.05
Madrid,1.28,102852.42208636049,50.05
Madrid,1.33,105965.60560863302,50.05
Madrid,1.38,108915.23703110484,50.05
Madrid,1.43,111721.48136275446,50.05
Madrid,1.47,114394.22447809874,50.05
Madrid,1.52,116954.76822465136,50.05
Madrid,1.57,119413.06845527374,50.05
Madrid,1.61,121777.5069596969,50.05
Madrid,1.66,124049.73521876769,50.05
Madrid,1.71,126239.1744442655,50.05
Madrid,1.76,128354.72325209675,50.05
Madrid,1.8,130402.51766821247,50.05
Madrid,1.85,132381.69563085848,50.05
Madrid,1.9,134296.60507737525,50.05
Madrid,1.95,136150.2497509179,50.05
Madrid,1.99,137945.61474689547,50.05
Madrid,2.04,139684.2522054682,50.05
Madrid,2.09,141370.6079244831,50.05
Madrid,2.13,143006.54322573365,50.05
Madrid,2.18,144590.4922620975,50.05
Madrid,2.23,146125.70396823168,50.05
Madrid,2.28,147611.8736762406,50.05
Madrid,2.32,149044.84297241128,50.05
Madrid,2.37,150427.37211247123,50.05
Madrid,2.42,151763.84853324687,50.05
Madrid,2.46,153058.04868357084,50.05
Madrid,2.51,154311.59204954017,50.05
Madrid,2.56,155526.63568053083,50.05
Madrid,2.61,156704.47861002837,50.05
Madrid,2.65,157846.72196650357,50.05
Madrid,2.7,158953.9543849767,50.05
Madrid,2.75,160028.15003936118,50.05
Madrid,2.79,161070.58052846536,50.05
Madrid,2.84,162084.21447914935,50.05
Nicosia,1.0,81573.1452183958,50.05
Nicosia,1.05,85419.52921326576,50.05
Nicosia,1.1,89264.0445909537,50.05
Nicosia,1.14,93102.49799925064,50.05
Nicosia,1.19,96907.3488724072,50.05
Nicosia,1.24,100632.23592408653,50.05
Nicosia,1.28,104154.03968639742,50.05
Nicosia,1.33,107394.44475115767,50.05
Nicosia,1.38,110418.34292588025,50.05
Nicosia,1.43,113265.23989786777,50.05
Nicosia,1.47,115955.5333379852,50.05
Nicosia,1.52,118500.13348207311,50.05
Nicosia,1.57,120917.77114640565,50.05
Nicosia,1.61,123221.91847133002,50.05
Nicosia,1.66,125424.87440770068,50.05
Nicosia,1.71,127534.23000831738,50.05
Nicosia,1.76,129554.95199355252,50.05
Nicosia,1.8,131494.68938514477,50.05
Nicosia,1.85,133355.95273840168,50.05
Nicosia,1.9,135140.7710426334,50.05
Nicosia,1.95,136851.88210971025,50.05
Nicosia,1.99,138488.82551902352,50.05
Nicosia,2.04,140053.61981441604,50.05
Nicosia,2.09,141548.9174607556,50.05
Nicosia,2.13,142981.98550109056,50.05
Nicosia,2.18,144358.75175767436,50.05
Nicosia,2.23,145683.1478890869,50.05
Nicosia,2.28,146959.12610484997,50.05
Nicosia,2.32,148188.31142027857,50.05
Nicosia,2.37,149373.783273416,50.05
Nicosia,2.42,150519.9254234958,50.05
Nicosia,2.46,151628.86714550309,50.05
Nicosia,2.51,152702.42275607475,50.05
Nicosia,2.56,153741.69776918425,50.05
Nicosia,2.61,154748.56919291624,50.05
Nicosia,2.65,155724.46037988618,50.05
Nicosia,2.7,156670.6633971537,50.05
Nicosia,2.75,157589.21315050693,50.05
Nicosia,2.79,158481.50774335625,50.05
Nicosia,2.84,159349.9627651228,50.05
Paris,1.0,56530.10879458525,50.05
Paris,1.05,59208.02688593825,50.05
Paris,1.1,61885.00204974301,50.05
Paris,1.14,64561.03315305068,50.05
Paris,1.19,67231.54202213392,50.05
Paris,1.24,69877.30424997938,50.05
Paris,1.28,72481.04090171627,50.05
Paris,1.33,75029.14463007936,50.05
Paris,1.38,77513.00258516846,50.05
Paris,1.43,79926.32644328308,50.05
Paris,1.47,82277.87280551558,50.05
Paris,1.52,84573.428675836,50.05
Paris,1.57,86814.45253401523,50.05
Paris,1.61,89006.52451661469,50.05
Paris,1.66,91152.07311487653,50.05
Paris,1.71,93251.2346997497,50.05
Paris,1.76,95306.43639565958,50.05
Paris,1.8,97314.55067362543,50.05
Paris,1.85,99276.77418636814,50.05
Paris,1.9,101197.31043958098,50.05
Paris,1.95,103077.47780138283,50.05
Paris,1.99,104916.13326165685,50.05
Paris,2.04,106711.04590735106,50.05
Paris,2.09,108459.76896096145,50.05
Paris,2.13,110164.74803075634,50.05
Paris,2.18,111828.07582516117,50.05
Paris,2.23,113452.40546536505,50.05
Paris,2.28,115038.61911145132,50.05
Paris,2.32,116591.57339059438,50.05
Paris,2.37,118111.33833248388,50.05
Paris,2.42,119600.56458053729,50.05
Paris,2.46,121061.7435356158,50.05
Paris,2.51,122495.74078726265,50.05
Paris,2.56,123903.53468795787,50.05
Paris,2.61,125285.39453982064,50.05
Paris,2.65,126641.93960346776,50.05
Paris,2.7,127974.13923963546,50.05
Paris,2.75,129280.7545976962,50.05
Paris,2.79,130562.81054960297,50.05
Paris,2.84,131821.81008244056,50.05
Prague,1.0,54683.03416009403,50.05
Prague,1.05,57271.39963924582,50.05
Prague,1.1,59858.81104744507,50.05
Prague,1.14,62445.267181828465,50.05
Prague,1.19,65030.1529966511,50.05
Prague,1.24,67598.40066743149,50.05
Prague,1.28,70123.71643818195,50.05
Prague,1.33,72597.17250151331,50.05
Prague,1.38,75011.21024837907,50.05
Prague,1.43,77358.56470196358,50.05
Prague,1.47,79638.28665120681,50.05
Prague,1.52,81850.31189250149,50.05
Prague,1.57,83993.92096952451,50.05
Prague,1.61,86076.86642420538,50.05
Prague,1.66,88099.06043246061,50.05
Prague,1.71,90069.43295415441,50.05
Prague,1.76,91989.1966667122,50.05
Prague,1.8,93855.56963048146,50.05
Prague,1.85,95670.69759645515,50.05
Prague,1.9,97433.0015430051,50.05
Prague,1.95,99144.86845338518,50.05
Prague,1.99,100807.288043453,50.05
Prague,2.04,102425.24860913826,50.05
Prague,2.09,104003.75467473884,50.05
Prague,2.13,105544.36974476835,50.05
Prague,2.18,107049.46001042778,50.05
Prague,2.23,108521.10232321476,50.05
Prague,2.28,109960.75303694325,50.05
Prague,2.32,111369.05261551797,50.05
Prague,2.37,112748.21408927065,50.05
Prague,2.42,114098.03312605784,50.05
Prague,2.46,115418.91745415398,50.05
Prague,2.51,116712.65746894735,50.05
Prague,2.56,117979.23606316902,50.05
Prague,2.61,119217.25854071924,50.05
Prague,2.65,120428.07574421965,50.05
Prague,2.7,121611.96100782324,50.05
Prague,2.75,122771.33314270763,50.05
Prague,2.79,123907.38428547747,50.05
Prague,2.84,125021.03507346634,50.05
Madrid,1.0,80854.75306344665,50.05
Madrid,1.05,84475.8728066463,50.05
Madrid,1.1,87880.11809219728,50.05
Madrid,1.14,91041.81393721144,50.05
Madrid,1.19,94004.68939583216,50.05
Madrid,1.24,96801.06409948117,50.05
Madrid,1.28,99446.97982940853,50.05
Madrid,1.33,101967.5844221937,50.05
Madrid,1.38,104374.42585639012,50.05
Madrid,1.43,106674.08185930931,50.05
Madrid,1.47,108874.79956175626,50.05
Madrid,1.52,110989.59630827891,50.05
Madrid,1.57,113025.72298616455,50.05
Madrid,1.61,114982.92651820861,50.05
Madrid,1.66,116867.70285659049,50.05
Madrid,1.71,118683.32102728933,50.05
Madrid,1.76,120432.73057072658,50.05
Madrid,1.8,122121.0518575386,50.05
Madrid,1.85,123750.43142935655,50.05
Madrid,1.9,125320.05792341157,50.05
Madrid,1.95,126834.01277718223,50.05
Madrid,1.99,128287.55889426092,50.05
Madrid,2.04,129681.42568222206,50.05
Madrid,2.09,131021.23456641477,50.05
Madrid,2.13,132311.93827699515,50.05
Madrid,2.18,133555.95224721046,50.05
Madrid,2.23,134756.0611596603,50.05
Madrid,2.28,135913.7108827774,50.05
Madrid,2.32,137030.65319039303,50.05
Madrid,2.37,138108.7366910403,50.05
Madrid,2.42,139150.1039891482,50.05
Madrid,2.46,140158.43539143898,50.05
Madrid,2.51,141134.70599258743,50.05
Madrid,2.56,142079.3396557264,50.05
Madrid,2.61,142994.33841315884,50.05
Madrid,2.65,143881.79305287413,50.05
Madrid,2.7,144744.28614344943,50.05
Madrid,2.75,145583.60850684383,50.05
Madrid,2.79,146400.8766875605,50.05
Madrid,2.84,147197.37248790046,50.05
Amsterdam,1.0,51257.130827064924,50.05
Amsterdam,1.05,53671.92171103596,50.05
Amsterdam,1.1,56050.94591930377,50.05
Amsterdam,1.14,58372.2811322392,50.05
Amsterdam,1.19,60626.977350059075,50.05
Amsterdam,1.24,62811.11068357982,50.05
Amsterdam,1.28,64929.78427998113,50.05
Amsterdam,1.33,66990.78310500372,50.05
Amsterdam,1.38,68994.88998409513,50.05
Amsterdam,1.43,70942.85783862443,50.05
Amsterdam,1.47,72833.56037815644,50.05
Amsterdam,1.52,74668.28180726348,50.05
Amsterdam,1.57,76444.19220271095,50.05
Amsterdam,1.61,78165.2666445544,50.05
Amsterdam,1.66,79836.80260730158,50.05
Amsterdam,1.71,81457.74095665019,50.05
Amsterdam,1.76,83033.91362218054,50.05
Amsterdam,1.8,84568.13651017887,50.05
Amsterdam,1.85,86061.50099130077,50.05
Amsterdam,1.9,87513.42188415732,50.05
Amsterdam,1.95,88927.07121816582,50.05
Amsterdam,1.99,90305.91801558276,50.05
Amsterdam,2.04,91650.29061097266,50.05
Amsterdam,2.09,92963.43654030348,50.05
Amsterdam,2.13,94246.66390745596,50.05
Amsterdam,2.18,95500.96572280441,50.05
Amsterdam,2.23,96726.56528768102,50.05
Amsterdam,2.28,97924.07517943674,50.05
Amsterdam,2.32,99094.57090155577,50.05
Amsterdam,2.37,100239.38266041267,50.05
Amsterdam,2.42,101358.36501195938,50.05
Amsterdam,2.46,102451.48306873425,50.05
Amsterdam,2.51,103520.07823882908,50.05
Amsterdam,2.56,104565.04473007336,50.05
Amsterdam,2.61,105587.45016555385,50.05
Amsterdam,2.65,106589.31398481136,50.05
Amsterdam,2.7,107569.9733626777,50.05
Amsterdam,2.75,108528.49733525609,50.05
Amsterdam,2.79,109465.11940169291,50.05
Amsterdam,2.84,110381.44085207315,50.05
Athens,1.0,78728.6257062137,50.05
Athens,1.05,82424.65078195854,50.05
Athens,1.1,86037.0815415315,50.05
Athens,1.14,89492.12188093392,50.05
Athens,1.19,92721.99505778836,50.05
Athens,1.24,95737.46073981808,50.05
Athens,1.28,98573.51216347217,50.05
Athens,1.33,101255.8251061435,50.05
Athens,1.38,103805.45061338747,50.05
Athens,1.43,106235.85136442052,50.05
Athens,1.47,108554.47172435519,50.05
Athens,1.52,110768.8241076186,50.05
Athens,1.57,112881.88661631804,50.05
Athens,1.61,114891.76475065704,50.05
Athens,1.66,116807.39876672249,50.05
Athens,1.71,118641.342508641,50.05
Athens,1.76,120402.21668417007,50.05
Athens,1.8,122097.07903250423,50.05
Athens,1.85,123728.14485734196,50.05
Athens,1.9,125298.1847146546,50.05
Athens,1.95,126809.68642687741,50.05
Athens,1.99,128263.51879270776,50.05
Athens,2.04,129657.92989460957,50.05
Athens,2.09,130995.3883241572,50.05
Athens,2.13,132283.06924050848,50.05
Athens,2.18,133525.26834071527,50.05
Athens,2.23,134723.41552241557,50.05
Athens,2.28,135880.26791391647,50.05
Athens,2.32,136998.2679659691,50.05
Athens,2.37,138080.91001689743,50.05
Athens,2.42,139130.01060891352,50.05
Athens,2.46,140147.10578391558,50.05
Athens,2.51,141134.20001114247,50.05
Athens,2.56,142093.1102887649,50.05
Athens,2.61,143024.66273146775,50.05
Athens,2.65,143929.98615855348,50.05
Athens,2.7,144810.22145706162,50.05
Athens,2.75,145665.95907498332,50.05
Athens,2.79,146497.94092032377,50.05
Athens,2.84,147307.4496517415,50.05
Berlin,1.0,52547.29531553561,50.05
Berlin,1.05,55034.29099896635,50.05
Berlin,1.1,57502.0170499204,50.05
Berlin,1.14,59921.681028448744,50.05
Berlin,1.19,62259.99420585429,50.05
Berlin,1.24,64513.42257899623,50.05
Berlin,1.28,66694.7348905574,50.05
Berlin,1.33,68805.03229096456,50.05
Berlin,1.38,70847.73192882069,50.05
Berlin,1.43,72826.72937157117,50.05
Berlin,1.47,74741.37819452863,50.05
Berlin,1.52,76593.5176136202,50.05
Berlin,1.57,78383.39092446236,50.05
Berlin,1.61,80112.97669753894,50.05
Berlin,1.66,81786.10380969135,50.05
Berlin,1.71,83410.26101367266,50.05
Berlin,1.76,84986.45653535132,50.05
Berlin,1.8,86514.74152539711,50.05
Berlin,1.85,88000.34452090981,50.05
Berlin,1.9,89446.66905992634,50.05
Berlin,1.95,90852.84875110078,50.05
Berlin,1.99,92220.1426266384,50.05
Berlin,2.04,93549.84106977313,50.05
Berlin,2.09,94842.89834916446,50.05
Berlin,2.13,96101.48361470188,50.05
Berlin,2.18,97327.9631204119,50.05
Berlin,2.23,98523.92386835396,50.05
Berlin,2.28,99691.32702931201,50.05
Berlin,2.32,100830.2905727337,50.05
Berlin,2.37,101941.80229902631,50.05
Berlin,2.42,103027.80677451992,50.05
Berlin,2.46,104089.33968222441,50.05
Berlin,2.51,105126.67219092158,50.05
Berlin,2.56,106141.58103239453,50.05
Berlin,2.61,107135.05226498976,50.05
Berlin,2.65,108106.76827738558,50.05
Berlin,2.7,109057.20369008106,50.05
Berlin,2.75,109987.46648570965,50.05
Berlin,2.79,110898.85375751923,50.05
Berlin,2.84,111791.99539934029,50.05
Bratislava,1.0,60306.95749986458,50.05
Bratislava,1.05,63158.10099761189,50.05
Bratislava,1.1,65995.56422404641,50.05
Bratislava,1.14,68776.9825916978,50.05
Bratislava,1.19,71467.92542581094,50.05
Bratislava,1.24,74058.28677440864,50.05
Bratislava,1.28,76544.47668480448,50.05
Bratislava,1.33,78918.56583337314,50.05
Bratislava,1.38,81179.45793720178,50.05
Bratislava,1.43,83334.2861773568,50.05
Bratislava,1.47,85397.82660325471,50.05
Bratislava,1.52,87380.36973968374,50.05
Bratislava,1.57,89292.76898793838,50.05
Bratislava,1.61,91141.46498783426,50.05
Bratislava,1.66,92927.20912238376,50.05
Bratislava,1.71,94654.27432787759,50.05
Bratislava,1.76,96325.18777486151,50.05
Bratislava,1.8,97942.91337427021,50.05
Bratislava,1.85,99510.43259573239,50.05
Bratislava,1.9,101031.53375734053,50.05
Bratislava,1.95,102508.05512830737,50.05
Bratislava,1.99,103943.35162908678,50.05
Bratislava,2.04,105338.3720495028,50.05
Bratislava,2.09,106693.67810183576,50.05
Bratislava,2.13,108011.42863412148,50.05
Bratislava,2.18,109292.73285052562,50.05
Bratislava,2.23,110541.05009135247,50.05
Bratislava,2.28,111759.27076403085,50.05
Bratislava,2.32,112949.16204258421,50.05
Bratislava,2.37,114110.12057639076,50.05
Bratislava,2.42,115242.12897206072,50.05
Bratislava,2.46,116346.47926695322,50.05
Bratislava,2.51,117425.07026284064,50.05
Bratislava,2.56,118479.31537532144,50.05
Bratislava,2.61,119509.06917633038,50.05
Bratislava,2.65,120514.33154204306,50.05
Bratislava,2.7,121496.50038549633,50.05
Bratislava,2.75,122455.24503580094,50.05
Bratislava,2.79,123391.70606088708,50.05
Bratislava,2.84,124306.67668934035,50.05
Brussels,1.0,52375.89330013517,50.05
Brussels,1.05,54806.28664269262,50.05
Brussels,1.1,57186.41472106555,50.05
Brussels,1.14,59512.28689620316,50.05
Brussels,1.19,61778.5410474031,50.05
Brussels,1.24,63985.50634444412,50.05
Brussels,1.28,66133.08968903492,50.05
Brussels,1.33,68218.27410122346,50.05
Brussels,1.38,70241.30075998095,50.05
Brussels,1.43,72204.16719064722,50.05
Brussels,1.47,74104.38160211756,50.05
Brussels,1.52,75946.4559747588,50.05
Brussels,1.57,77735.4693321374,50.05
Brussels,1.61,79476.80739809906,50.05
Brussels,1.66,81175.38438106525,50.05
Brussels,1.71,82830.29484760888,50.05
Brussels,1.76,84442.52154963714,50.05
Brussels,1.8,86010.75530897114,50.05
Brussels,1.85,87534.62924861684,50.05
Brussels,1.9,89018.32106417381,50.05
Brussels,1.95,90465.54456564851,50.05
Brussels,1.99,91878.10589582313,50.05
Brussels,2.04,93254.57696360606,50.05
Brussels,2.09,94596.13479440434,50.05
Brussels,2.13,95905.33714554715,50.05
Brussels,2.18,97183.38274213579,50.05
Brussels,2.23,98431.05892690635,50.05
Brussels,2.28,99649.99734853314,50.05
Brussels,2.32,100840.23511026659,50.05
Brussels,2.37,102003.44936859873,50.05
Brussels,2.42,103140.4296510586,50.05
Brussels,2.46,104251.17811955995,50.05
Brussels,2.51,105338.26700944778,50.05
Brussels,2.56,106401.87911376623,50.05
Brussels,2.61,107441.78542103912,50.05
Brussels,2.65,108459.33287990453,50.05
Brussels,2.7,109455.32119179197,50.05
Brussels,2.75,110430.18531103755,50.05
Brussels,2.79,111385.21693591308,50.05
Brussels,2.84,112322.10615823914,50.05
Bucharest,1.0,64880.93372251338,50.05
Bucharest,1.05,67945.56934380473,50.05
Bucharest,1.1,70998.87371686575,50.05
Bucharest,1.14,74013.26408605967,50.05
Bucharest,1.19,76900.67366077466,50.05
Bucharest,1.24,79624.969590242,50.05
Bucharest,1.28,82206.42262836364,50.05
Bucharest,1.33,84665.01648018062,50.05
Bucharest,1.38,87017.07313311055,50.05
Bucharest,1.43,89269.79428964568,50.05
Bucharest,1.47,91427.83512594721,50.05
Bucharest,1.52,93502.26732194355,50.05
Bucharest,1.57,95490.64415291788,50.05
Bucharest,1.61,97397.61053252398,50.05
Bucharest,1.66,99231.1268077581,50.05
Bucharest,1.71,100996.12738847079,50.05
Bucharest,1.76,102697.58056168842,50.05
Bucharest,1.8,104342.36057807988,50.05
Bucharest,1.85,105933.85048117914,50.05
Bucharest,1.9,107468.99300439218,50.05
Bucharest,1.95,108951.9167947595,50.05
Bucharest,1.99,110388.51748652464,50.05
Bucharest,2.04,111780.1246304397,50.05
Bucharest,2.09,113128.01909021781,50.05
Bucharest,2.13,114430.62821258882,50.05
Bucharest,2.18,115692.00487858611,50.05
Bucharest,2.23,116916.0845041504,50.05
Bucharest,2.28,118105.71912102663,50.05
Bucharest,2.32,119264.07422191573,50.05
Bucharest,2.37,120392.69042124912,50.05
Bucharest,2.42,121492.23742613051,50.05
Bucharest,2.46,122563.0165247223,50.05
Bucharest,2.51,123607.23897277478,50.05
Bucharest,2.56,124625.86121544494,50.05
Bucharest,2.61,125618.96277518763,50.05
Bucharest,2.65,126586.83615345758,50.05
Bucharest,2.7,127529.74232087236,50.05
Bucharest,2.75,128449.19117886251,50.05
Bucharest,2.79,129346.14760774063,50.05
Bucharest,2.84,130222.04312559572,50.05
Budapest,1.0,62505.600779242,50.05
Budapest,1.05,65459.794557366266,50.05
Budapest,1.1,68399.40281580262,50.05
Budapest,1.14,71281.45617085256,50.05
Budapest,1.19,74079.02174182888,50.05
Budapest,1.24,76770.86996701188,50.05
Budapest,1.28,79348.92016176763,50.05
Budapest,1.33,81798.41854544092,50.05
Budapest,1.38,84127.08056266695,50.05
Budapest,1.43,86352.34932622752,50.05
Budapest,1.47,88490.80006144087,50.05
Budapest,1.52,90545.61674098967,50.05
Budapest,1.57,92519.69663854229,50.05
Budapest,1.61,94422.18918702677,50.05
Budapest,1.66,96260.47353810398,50.05
Budapest,1.71,98038.00410493658,50.05
Budapest,1.76,99759.43190123056,50.05
Budapest,1.8,101425.6409143378,50.05
Budapest,1.85,103037.23062344111,50.05
Budapest,1.9,104596.68683755104,50.05
Budapest,1.95,106109.62155203354,50.05
Budapest,1.99,107578.1978825506,50.05
Budapest,2.04,109001.43029713901,50.05
Budapest,2.09,110385.50320170172,50.05
Budapest,2.13,111729.58192802341,50.05
Budapest,2.18,113034.85164524482,50.05
Budapest,2.23,114302.2592813454,50.05
Budapest,2.28,115533.72994663814,50.05
Budapest,2.32,116729.84338543251,50.05
Budapest,2.37,117892.97180090933,50.05
Budapest,2.42,119024.61251018438,50.05
Budapest,2.46,120125.72827103912,50.05
Budapest,2.51,121197.0492492244,50.05
Budapest,2.56,122239.6515794866,50.05
Budapest,2.61,123255.10273809468,50.05
Budapest,2.65,124244.39914716134,50.05
Budapest,2.7,125208.00226515833,50.05
Budapest,2.75,126147.77032162844,50.05
Budapest,2.79,127066.06465745387,50.05
Budapest,2.84,127963.3573743567,50.05
Copenhagen,1.0,52559.4487520004,50.05
Copenhagen,1.05,54997.068814452134,50.05
Copenhagen,1.1,57342.17686312187,50.05
Copenhagen,1.14,59590.98455314669,50.05
Copenhagen,1.19,61763.485470423926,50.05
Copenhagen,1.24,63864.98568015313,50.05
Copenhagen,1.28,65899.96057089811,50.05
Copenhagen,1.33,67861.35716875797,50.05
Copenhagen,1.38,69749.76474599134,50.05
Copenhagen,1.43,71575.95381604283,50.05
Copenhagen,1.47,73345.12382222939,50.05
Copenhagen,1.52,75060.7968553801,50.05
Copenhagen,1.57,76721.6875161243,50.05
Copenhagen,1.61,78329.40779420381,50.05
Copenhagen,1.66,79886.84577204117,50.05
Copenhagen,1.71,81397.82917955244,50.05
Copenhagen,1.76,82868.98724910709,50.05
Copenhagen,1.8,84302.75857408214,50.05
Copenhagen,1.85,85700.77035635053,50.05
Copenhagen,1.9,87063.85764187571,50.05
Copenhagen,1.95,88392.28717478979,50.05
Copenhagen,1.99,89688.36577595367,50.05
Copenhagen,2.04,90953.079006044,50.05
Copenhagen,2.09,92188.16117782357,50.05
Copenhagen,2.13,93396.56526341102,50.05
Copenhagen,2.18,94578.20418334287,50.05
Copenhagen,2.23,95733.97447359312,50.05
Copenhagen,2.28,96863.91763470028,50.05
Copenhagen,2.32,97968.33949042812,50.05
Copenhagen,2.37,99049.8232863333,50.05
Copenhagen,2.42,100108.60180384637,50.05
Copenhagen,2.46,101146.49613486246,50.05
Copenhagen,2.51,102165.02775064396,50.05
Copenhagen,2.56,103165.53978380897,50.05
Copenhagen,2.61,104148.34311072898,50.05
Copenhagen,2.65,105113.93871851164,50.05
Copenhagen,2.7,106062.29410981611,50.05
Copenhagen,2.75,106993.58194635747,50.05
Copenhagen,2.79,107908.04889847407,50.05
Copenhagen,2.84,108807.24643663844,50.05
Dublin,1.0,49352.67102477057,50.05
Dublin,1.05,51667.071923646174,50.05
Dublin,1.1,53928.54894912643,50.05
Dublin,1.14,56133.622976717306,50.05
Dublin,1.19,58291.52717390888,50.05
Dublin,1.24,60401.1806235728,50.05
Dublin,1.28,62461.055373207055,50.05
Dublin,1.33,64471.51734541627,50.05
Dublin,1.38,66426.91985234607,50.05
Dublin,1.43,68330.58964434391,50.05
Dublin,1.47,70188.77983277454,50.05
Dublin,1.52,72002.36714458055,50.05
Dublin,1.57,73772.55969276256,50.05
Dublin,1.61,75499.9128943231,50.05
Dublin,1.66,77182.14936055294,50.05
Dublin,1.71,78823.59801186495,50.05
Dublin,1.76,80428.9136503266,50.05
Dublin,1.8,81998.9389952789,50.05
Dublin,1.85,83533.77784437028,50.05
Dublin,1.9,85031.01799594071,50.05
Dublin,1.95,86489.54772412688,50.05
Dublin,1.99,87911.01495847832,50.05
Dublin,2.04,89299.94885363478,50.05
Dublin,2.09,90658.42788441907,50.05
Dublin,2.13,91988.0350523488,50.05
Dublin,2.18,93288.75766627965,50.05
Dublin,2.23,94562.16003043127,50.05
Dublin,2.28,95808.50193724719,50.05
Dublin,2.32,97027.18709777822,50.05
Dublin,2.37,98221.02191952287,50.05
Dublin,2.42,99391.37721638284,50.05
Dublin,2.46,100539.1454135415,50.05
Dublin,2.51,101664.17751025099,50.05
Dublin,2.56,102765.77284325537,50.05
Dublin,2.61,103845.96791378567,50.05
Dublin,2.65,104905.76759479355,50.05
Dublin,2.7,105943.95477182059,50.05
Dublin,2.75,106962.19915073007,50.05
Dublin,2.79,107961.46813180606,50.05
Dublin,2.84,108942.02272428903,50.05
Helsinki,1.0,48533.95801849098,50.05
Helsinki,1.05,50833.23539454133,50.05
Helsinki,1.1,53105.7454464778,50.05
Helsinki,1.14,55289.577951246625,50.05
Helsinki,1.19,57362.25190746386,50.05
Helsinki,1.24,59337.714103519145,50.05
Helsinki,1.28,61233.927731847616,50.05
Helsinki,1.33,63055.246100109805,50.05
Helsinki,1.38,64811.55589996003,50.05
Helsinki,1.43,66501.51563123599,50.05
Helsinki,1.47,68132.68328250818,50.05
Helsinki,1.52,69706.37346736663,50.05
Helsinki,1.57,71221.1178864443,50.05
Helsinki,1.61,72686.0616453065,50.05
Helsinki,1.66,74107.26875043285,50.05
Helsinki,1.71,75486.60002461953,50.05
Helsinki,1.76,76827.41313962608,50.05
Helsinki,1.8,78133.41962616565,50.05
Helsinki,1.85,79402.83511493054,50.05
Helsinki,1.9,80636.85544383014,50.05
Helsinki,1.95,81839.8480882125,50.05
Helsinki,1.99,83012.91945790473,50.05
Helsinki,2.04,84157.95046512653,50.05
Helsinki,2.09,85278.62729665457,50.05
Helsinki,2.13,86375.97627036858,50.05
Helsinki,2.18,87450.49939450221,50.05
Helsinki,2.23,88503.73972486559,50.05
Helsinki,2.28,89537.09755077284,50.05
Helsinki,2.32,90551.60845902136,50.05
Helsinki,2.37,91548.0246855035,50.05
Helsinki,2.42,92526.10073251251,50.05
Helsinki,2.46,93484.61742702268,50.05
Helsinki,2.51,94422.22454225222,50.05
Helsinki,2.56,95341.0306133658,50.05
Helsinki,2.61,96243.07800002862,50.05
Helsinki,2.65,97128.31787296147,50.05
Helsinki,2.7,97997.34255854336,50.05
Helsinki,2.75,98850.49505273734,50.05
Helsinki,2.79,99688.55893639881,50.05
Helsinki,2.84,100511.13711898169,50.05
Lisbon,1.0,78926.2773205949,50.05
Lisbon,1.05,82552.63450472304,50.05
Lisbon,1.1,85957.73344815877,50.05
Lisbon,1.14,89100.46645884232,50.05
Lisbon,1.19,92047.43567952338,50.05
Lisbon,1.24,94834.69502851271,50.05
Lisbon,1.28,97479.2636604516,50.05
Lisbon,1.33,99999.11781920906,50.05
Lisbon,1.38,102408.92377015951,50.05
Lisbon,1.43,104721.20930766704,50.05
Lisbon,1.47,106939.44478530991,50.05
Lisbon,1.52,109069.08464409638,50.05
Lisbon,1.57,111120.19220420832,50.05
Lisbon,1.61,113095.7012287442,50.05
Lisbon,1.66,114996.04820616273,50.05
Lisbon,1.71,116824.44294973912,50.05
Lisbon,1.76,118589.33910944972,50.05
Lisbon,1.8,120293.18201545355,50.05
Lisbon,1.85,121941.36186731934,50.05
Lisbon,1.9,123534.66945346021,50.05
Lisbon,1.95,125071.16489152837,50.05
Lisbon,1.99,126548.90464914708,50.05
Lisbon,2.04,127969.36855938527,50.05
Lisbon,2.09,129336.52420823103,50.05
Lisbon,2.13,130656.23685722626,50.05
Lisbon,2.18,131931.07255980055,50.05
Lisbon,2.23,133163.1676880778,50.05
Lisbon,2.28,134353.58810594736,50.05
Lisbon,2.32,135503.97396564434,50.05
Lisbon,2.37,136616.59574039376,50.05
Lisbon,2.42,137691.93998346123,50.05
Lisbon,2.46,138731.61680874362,50.05
Lisbon,2.51,139739.68144597576,50.05
Lisbon,2.56,140717.3193211452,50.05
Lisbon,2.61,141665.58692543692,50.05
Lisbon,2.65,142586.20191392576,50.05
Lisbon,2.7,143480.37939910725,50.05
Lisbon,2.75,144350.4458134323,50.05
Lisbon,2.79,145196.84018465455,50.05
Lisbon,2.84,146020.46599975353,50.05
Ljubljana,1.0,58517.68654166122,50.05
Ljubljana,1.05,61283.630934099565,50.05
Ljubljana,1.1,64030.801032639254,50.05
Ljubljana,1.14,66714.54337529247,50.05
Ljubljana,1.19,69287.67875017243,50.05
Ljubljana,1.24,71748.37815174703,50.05
Ljubljana,1.28,74092.93171186792,50.05
Ljubljana,1.33,76329.66805200379,50.05
Ljubljana,1.38,78459.8956458795,50.05
Ljubljana,1.43,80484.31350676749,50.05
Ljubljana,1.47,82422.14790643276,50.05
Ljubljana,1.52,84286.97799502006,50.05
Ljubljana,1.57,86085.83011562876,50.05
Ljubljana,1.61,87821.46347893067,50.05
Ljubljana,1.66,89498.1285658366,50.05
Ljubljana,1.71,91122.01246475038,50.05
Ljubljana,1.76,92696.48587560834,50.05
Ljubljana,1.8,94223.56157525622,50.05
Ljubljana,1.85,95709.55750846294,50.05
Ljubljana,1.9,97156.69323021559,50.05
Ljubljana,1.95,98564.6939721528,50.05
Ljubljana,1.99,99934.41497934128,50.05
Ljubljana,2.04,101269.53637184616,50.05
Ljubljana,2.09,102572.26399611036,50.05
Ljubljana,2.13,103844.16548668525,50.05
Ljubljana,2.18,105086.39248855488,50.05
Ljubljana,2.23,106300.02971423458,50.05
Ljubljana,2.28,107485.81114899996,50.05
Ljubljana,2.32,108643.86016336901,50.05
Ljubljana,2.37,109775.03247867178,50.05
Ljubljana,2.42,110879.09711034107,50.05
Ljubljana,2.46,111957.3076379769,50.05
Ljubljana,2.51,113011.20779553338,50.05
Ljubljana,2.56,114041.80833101939,50.05
Ljubljana,2.61,115048.05895235267,50.05
Ljubljana,2.65,116030.85452682622,50.05
Ljubljana,2.7,116992.05255263281,50.05
Ljubljana,2.75,117932.06245284362,50.05
Ljubljana,2.79,118851.60084913745,50.05
Ljubljana,2.84,119751.55651730277,50.05
London,1.0,51243.24483361721,50.05
London,1.05,53635.70054302982,50.05
London,1.1,55982.73699725201,50.05
London,1.14,58267.18301859322,50.05
London,1.19,60493.409827383664,50.05
London,1.24,62663.64799462762,50.05
London,1.28,64773.205031891564,50.05
London,1.33,66825.7926463552,50.05
London,1.38,68824.76616379364,50.05
London,1.43,70768.5918786193,50.05
London,1.47,72661.01664468348,50.05
London,1.52,74503.79147351417,50.05
London,1.57,76300.0707698779,50.05
London,1.61,78051.79289095491,50.05
London,1.66,79760.59780919374,50.05
London,1.71,81428.65137580082,50.05
London,1.76,83055.83463361967,50.05
London,1.8,84644.32793517728,50.05
London,1.85,86194.86401239019,50.05
London,1.9,87706.45272677968,50.05
London,1.95,89178.57509144078,50.05
London,1.99,90612.68627914702,50.05
London,2.04,92011.265581544,50.05
London,2.09,93376.94251728136,50.05
London,2.13,94712.3951173915,50.05
London,2.18,96018.54427770468,50.05
London,2.23,97295.91420490062,50.05
London,2.28,98545.40795506041,50.05
London,2.32,99768.71215118007,50.05
London,2.37,100966.03655869677,50.05
London,2.42,102137.40344734951,50.05
London,2.46,103283.07629391558,50.05
London,2.51,104401.84715888115,50.05
London,2.56,105496.00492960404,50.05
London,2.61,106566.04152450155,50.05
London,2.65,107612.70607713908,50.05
London,2.7,108636.83251030864,50.05
London,2.75,109640.21269334533,50.05
London,2.79,110623.80251643817,50.05
London,2.84,111587.04262987032,50.05
Luxembourg,1.0,53226.97345155762,50.05
Luxembourg,1.05,55720.5440233859,50.05
Luxembourg,1.1,58166.30315877527,50.05
Luxembourg,1.14,60555.84510427297,50.05
Luxembourg,1.19,62878.23376175676,50.05
Luxembourg,1.24,65131.072840855246,50.05
Luxembourg,1.28,67311.30584029776,50.05
Luxembourg,1.33,69414.74866668259,50.05
Luxembourg,1.38,71448.68380739255,50.05
Luxembourg,1.43,73424.78081347843,50.05
Luxembourg,1.47,75345.41069685468,50.05
Luxembourg,1.52,77214.1238119424,50.05
Luxembourg,1.57,79032.21784929391,50.05
Luxembourg,1.61,80803.64312417242,50.05
Luxembourg,1.66,82530.56246236326,50.05
Luxembourg,1.71,84210.52990988291,50.05
Luxembourg,1.76,85845.06113499466,50.05
Luxembourg,1.8,87435.04133486873,50.05
Luxembourg,1.85,88981.84470034525,50.05
Luxembourg,1.9,90486.33988006714,50.05
Luxembourg,1.95,91948.43145667484,50.05
Luxembourg,1.99,93370.48325120172,50.05
Luxembourg,2.04,94754.08075435995,50.05
Luxembourg,2.09,96103.61172788145,50.05
Luxembourg,2.13,97421.93129899052,50.05
Luxembourg,2.18,98710.44831674606,50.05
Luxembourg,2.23,99969.01661999429,50.05
Luxembourg,2.28,101198.33158130484,50.05
Luxembourg,2.32,102401.5411534072,50.05
Luxembourg,2.37,103578.83995056314,50.05
Luxembourg,2.42,104730.27787895288,50.05
Luxembourg,2.46,105856.98490380387,50.05
Luxembourg,2.51,106959.58349918414,50.05
Luxembourg,2.56,108036.07504913046,50.05
Luxembourg,2.61,109088.1576808566,50.05
Luxembourg,2.65,110116.8107804066,50.05
Luxembourg,2.7,111123.15299770454,50.05
Luxembourg,2.75,112108.32347444253,50.05
Luxembourg,2.79,113072.17589360113,50.05
Luxembourg,2.84,114015.36991465418,50.05
Nicosia,1.0,81573.1452183958,50.05
Nicosia,1.05,85417.54709920085,50.05
Nicosia,1.1,89234.67306671325,50.05
Nicosia,1.14,92973.32135385601,50.05
Nicosia,1.19,96502.9168478187,50.05
Nicosia,1.24,99731.64515678621,50.05
Nicosia,1.28,102731.41859760441,50.05
Nicosia,1.33,105545.07814840387,50.05
Nicosia,1.38,108192.21191653653,50.05
Nicosia,1.43,110688.37036227224,50.05
Nicosia,1.47,113054.52000602252,50.05
Nicosia,1.52,115303.98562160444,50.05
Nicosia,1.57,117450.41916861798,50.05
Nicosia,1.61,119498.41816076853,50.05
Nicosia,1.66,121456.88982648317,50.05
Nicosia,1.71,123330.67176899101,50.05
Nicosia,1.76,125121.2163855868,50.05
Nicosia,1.8,126832.06060344304,50.05
Nicosia,1.85,128462.76975957683,50.05
Nicosia,1.9,130015.7768840639,50.05
Nicosia,1.95,131495.28471415016,50.05
Nicosia,1.99,132909.58957463485,50.05
Nicosia,2.04,134264.91718871627,50.05
Nicosia,2.09,135565.6805276553,50.05
Nicosia,2.13,136815.07622034813,50.05
Nicosia,2.18,138015.81103423034,50.05
Nicosia,2.23,139172.65303416943,50.05
Nicosia,2.28,140288.8703111835,50.05
Nicosia,2.32,141366.632384986,50.05
Nicosia,2.37,142407.25292057902,50.05
Nicosia,2.42,143412.91153078183,50.05
Nicosia,2.46,144385.19585360694,50.05
Nicosia,2.51,145325.7267846394,50.05
Nicosia,2.56,146236.82953634224,50.05
Nicosia,2.61,147120.42635186354,50.05
Nicosia,2.65,147978.9604697831,50.05
Nicosia,2.7,148813.4267572767,50.05
Nicosia,2.75,149624.82022066906,50.05
Nicosia,2.79,150414.6391666459,50.05
Nicosia,2.84,151183.76625041763,50.05
Paris,1.0,56465.03983226828,50.05
Paris,1.05,59024.10477826311,50.05
Paris,1.1,61499.90115663487,50.05
Paris,1.14,63889.67114193136,50.05
Paris,1.19,66205.3989003767,50.05
Paris,1.24,68451.4115257529,50.05
Paris,1.28,70635.8339072335,50.05
Paris,1.33,72760.59146408776,50.05
Paris,1.38,74828.47860775891,50.05
Paris,1.43,76836.97584526647,50.05
Paris,1.47,78788.29305655338,50.05
Paris,1.52,80687.7094856457,50.05
Paris,1.57,82534.71627999369,50.05
Paris,1.61,84325.79026810991,50.05
Paris,1.66,86058.46211551463,50.05
Paris,1.71,87737.22114271346,50.05
Paris,1.76,89365.50816538611,50.05
Paris,1.8,90946.51418451067,50.05
Paris,1.85,92485.07888067457,50.05
Paris,1.9,93983.47506392175,50.05
Paris,1.95,95445.84653245851,50.05
Paris,1.99,96873.77892909138,50.05
Paris,2.04,98268.70231644974,50.05
Paris,2.09,99631.01644712764,50.05
Paris,2.13,100961.9889212337,50.05
Paris,2.18,102260.69695070082,50.05
Paris,2.23,103529.24355163876,50.05
Paris,2.28,104768.34777028479,50.05
Paris,2.32,105977.28131984254,50.05
Paris,2.37,107158.12561802483,50.05
Paris,2.42,108313.59615729487,50.05
Paris,2.46,109444.79419554518,50.05
Paris,2.51,110551.1739777205,50.05
Paris,2.56,111633.07898366248,50.05
Paris,2.61,112691.70616230898,50.05
Paris,2.65,113728.97149510024,50.05
Paris,2.7,114745.0853238684,50.05
Paris,2.75,115740.23731431356,50.05
Paris,2.79,116715.51733139622,50.05
Paris,2.84,117671.5295973775,50.05
Prague,1.0,54683.03416009403,50.05
Prague,1.05,57270.718969593036,50.05
Prague,1.1,59838.24450902696,50.05
Prague,1.14,62353.37112971472,50.05
Prague,1.19,64808.0901329472,50.05
Prague,1.24,67190.99960004252,50.05
Prague,1.28,69495.55174956826,50.05
Prague,1.33,71724.77860205573,50.05
Prague,1.38,73875.47226495885,50.05
Prague,1.43,75956.61912729805,50.05
Prague,1.47,77970.08332659694,50.05
Prague,1.52,79925.57956465865,50.05
Prague,1.57,81822.00408828653,50.05
Prague,1.61,83659.06138037032,50.05
Prague,1.66,85436.45269397576,50.05
Prague,1.71,87155.75954073356,50.05
Prague,1.76,88818.94222992669,50.05
Prague,1.8,90432.10694606931,50.05
Prague,1.85,92001.09324258861,50.05
Prague,1.9,93527.63308296724,50.05
Prague,1.95,95014.9797431839,50.05
Prague,1.99,96465.64679894867,50.05
Prague,2.04,97880.28000354888,50.05
Prague,2.09,99261.52328869949,50.05
Prague,2.13,100609.41980680004,50.05
Prague,2.18,101924.76698228583,50.05
Prague,2.23,103209.35193181656,50.05
Prague,2.28,104462.29769837676,50.05
Prague,2.32,105683.46038263572,50.05
Prague,2.37,106873.88731378433,50.05
Prague,2.42,108036.00107333553,50.05
Prague,2.46,109171.60311552494,50.05
Prague,2.51,110281.92760022222,50.05
Prague,2.56,111367.954679723,50.05
Prague,2.61,112429.01357957527,50.05
Prague,2.65,113465.33057957455,50.05
Prague,2.7,114477.39945382878,50.05
Prague,2.75,115466.79742169296,50.05
Prague,2.79,116434.91670562593,50.05
Prague,2.84,117381.8587235566,50.05
Riga,1.0,49033.639061742484,50.05
Riga,1.05,51348.89665199505,50.05
Riga,1.1,53645.485661776765,50.05
Riga,1.14,55888.07647934181,50.05
Riga,1.19,58058.58647464133,50.05
Riga,1.24,60164.52441293568,50.05
Riga,1.28,62208.37822169127,50.05
Riga,1.33,64186.932553075436,50.05
Riga,1.38,66102.2213018364,50.05
Riga,1.43,67956.14757693713,50.05
Riga,1.47,69755.19970148956,50.05
Riga,1.52,71492.9127313092,50.05
Riga,1.57,73167.66607164004,50.05
Riga,1.61,74789.70727706053,50.05
Riga,1.66,76360.05074184244,50.05
Riga,1.71,77881.69538266747,50.05
Riga,1.76,79358.62820938895,50.05
Riga,1.8,80791.73111662365,50.05
Riga,1.85,82182.82511411117,50.05
Riga,1.9,83535.1767510328,50.05
Riga,1.95,84851.92373293909,50.05
Riga,1.99,86134.45412876211,50.05
Riga,2.04,87385.80963204392,50.05
Riga,2.09,88603.86651245055,50.05
Riga,2.13,89789.81280826314,50.05
Riga,2.18,90945.8296143352,50.05
Riga,2.23,92073.32023338469,50.05
Riga,2.28,93175.6541741791,50.05
Riga,2.32,94253.77436238491,50.05
Riga,2.37,95306.20300057247,50.05
Riga,2.42,96335.0006325539,50.05
Riga,2.46,97341.24967259349,50.05
Riga,2.51,98325.13412200597,50.05
Riga,2.56,99286.93972087669,50.05
Riga,2.61,100228.9746810737,50.05
Riga,2.65,101152.31033653762,50.05
Riga,2.7,102057.64552781527,50.05
Riga,2.75,102946.2974389362,50.05
Riga,2.79,103818.94273276586,50.05
Riga,2.84,104676.2358891656,50.05
Rome,1.0,75143.92798041423,50.05
Rome,1.05,78656.49109012954,50.05
Rome,1.1,82066.2415847823,50.05
Rome,1.14,85316.44168329333,50.05
Rome,1.19,88364.83626193799,50.05
Rome,1.24,91240.23325690828,50.05
Rome,1.28,93961.2902416675,50.05
Rome,1.33,96550.26475335115,50.05
Rome,1.38,99020.75014980878,50.05
Rome,1.43,101389.41440207491,50.05
Rome,1.47,103666.79692072888,50.05
Rome,1.52,105857.40049931091,50.05
Rome,1.57,107960.19762661013,50.05
Rome,1.61,109982.58682867698,50.05
Rome,1.66,111931.37302234993,50.05
Rome,1.71,113806.82471234075,50.05
Rome,1.76,115607.58625856432,50.05
Rome,1.8,117340.34558155104,50.05
Rome,1.85,119006.04855752156,50.05
Rome,1.9,120609.0848263044,50.05
Rome,1.95,122153.7299603067,50.05
Rome,1.99,123643.03799714893,50.05
Rome,2.04,125079.62165672934,50.05
Rome,2.09,126468.84061672306,50.05
Rome,2.13,127811.17506726348,50.05
Rome,2.18,129106.08590133708,50.05
Rome,2.23,130349.98613429298,50.05
Rome,2.28,131546.5448685267,50.05
Rome,2.32,132701.6694381686,50.05
Rome,2.37,133818.36481140123,50.05
Rome,2.42,134897.06511319,50.05
Rome,2.46,135941.10664885715,50.05
Rome,2.51,136953.11109281593,50.05
Rome,2.56,137934.61944732067,50.05
Rome,2.61,138886.5127283718,50.05
Rome,2.65,139810.555465649,50.05
Rome,2.7,140708.49192788213,50.05
Rome,2.75,141582.2944572729,50.05
Rome,2.79,142432.29459271865,50.05
Rome,2.84,143259.28616626462,50.05
Sofia,1.0,65563.73788558946,50.05
Sofia,1.05,68659.83353655448,50.05
Sofia,1.1,71749.74949464345,50.05
Sofia,1.14,74806.16181972667,50.05
Sofia,1.19,77760.41204962552,50.05
Sofia,1.24,80556.19126585827,50.05
Sofia,1.28,83214.6991926628,50.05
Sofia,1.33,85745.91415218449,50.05
Sofia,1.38,88162.4912147758,50.05
Sofia,1.43,90472.6329681256,50.05
Sofia,1.47,92687.23333999593,50.05
Sofia,1.52,94807.28843227982,50.05
Sofia,1.57,96837.03015669764,50.05
Sofia,1.61,98778.8594856803,50.05
Sofia,1.66,100640.74901128733,50.05
Sofia,1.71,102434.64644433957,50.05
Sofia,1.76,104168.78643095748,50.05
Sofia,1.8,105840.89408929508,50.05
Sofia,1.85,107453.05575337974,50.05
Sofia,1.9,109008.5710994908,50.05
Sofia,1.95,110511.51364120953,50.05
Sofia,1.99,111967.13447036101,50.05
Sofia,2.04,113378.94261626875,50.05
Sofia,2.09,114747.78450394394,50.05
Sofia,2.13,116074.73983945571,50.05
Sofia,2.18,117362.31009694398,50.05
Sofia,2.23,118611.74642971663,50.05
Sofia,2.28,119823.91665287838,50.05
Sofia,2.32,121001.42977765111,50.05
Sofia,2.37,122145.04228869536,50.05
Sofia,2.42,123255.61080346347,50.05
Sofia,2.46,124335.99496900555,50.05
Sofia,2.51,125387.72986296723,50.05
Sofia,2.56,126412.63122297279,50.05
Sofia,2.61,127411.27216665274,50.05
Sofia,2.65,128385.43893631992,50.05
Sofia,2.7,129335.84887029543,50.05
Sofia,2.75,130262.85858245629,50.05
Sofia,2.79,131167.86704837964,50.05
Sofia,2.84,132051.51377803177,50.05
Stockholm,1.0,49457.42298927352,50.05
Stockholm,1.05,51799.138531254066,50.05
Stockholm,1.1,54101.45064505223,50.05
Stockholm,1.14,56320.18713546902,50.05
Stockholm,1.19,58446.59556079611,50.05
Stockholm,1.24,60496.89652798196,50.05
Stockholm,1.28,62480.98422178541,50.05
Stockholm,1.33,64404.53607883642,50.05
Stockholm,1.38,66272.36414886212,50.05
Stockholm,1.43,68086.92931833075,50.05
Stockholm,1.47,69842.69520723844,50.05
Stockholm,1.52,71542.40087486876,50.05
Stockholm,1.57,73190.63325955902,50.05
Stockholm,1.61,74788.21657812854,50.05
Stockholm,1.66,76335.7610493266,50.05
Stockholm,1.71,77832.70234930696,50.05
Stockholm,1.76,79285.53103926654,50.05
Stockholm,1.8,80697.4314966119,50.05
Stockholm,1.85,82071.65533516367,50.05
Stockholm,1.9,83409.23259392328,50.05
Stockholm,1.95,84710.99626316279,50.05
Stockholm,1.99,85979.62921621605,50.05
Stockholm,2.04,87218.67822923888,50.05
Stockholm,2.09,88429.74585827782,50.05
Stockholm,2.13,89613.36296371366,50.05
Stockholm,2.18,90771.70680456785,50.05
Stockholm,2.23,91906.84146504097,50.05
Stockholm,2.28,93020.30068846357,50.05
Stockholm,2.32,94112.49856880213,50.05
Stockholm,2.37,95183.23853574855,50.05
Stockholm,2.42,96233.17856596458,50.05
Stockholm,2.46,97262.52827914731,50.05
Stockholm,2.51,98271.89712359845,50.05
Stockholm,2.56,99262.45190513715,50.05
Stockholm,2.61,100235.3144740357,50.05
Stockholm,2.65,101190.91532133128,50.05
Stockholm,2.7,102129.73152819491,50.05
Stockholm,2.75,103051.67320763151,50.05
Stockholm,2.79,103957.31205718276,50.05
Stockholm,2.84,104846.00642890234,50.05
Tallinn,1.0,47502.297630253575,50.05
Tallinn,1.05,49738.68859163356,50.05
Tallinn,1.1,51927.73870702083,50.05
Tallinn,1.14,54043.89783071998,50.05
Tallinn,1.19,56085.532118209754,50.05
Tallinn,1.24,58058.721396676505,50.05
Tallinn,1.28,59977.664655421395,50.05
Tallinn,1.33,61845.255831227136,50.05
Tallinn,1.38,63659.334324434065,50.05
Tallinn,1.43,65424.059561538976,50.05
Tallinn,1.47,67139.55050049236,50.05
Tallinn,1.52,68806.86238727681,50.05
Tallinn,1.57,70428.0853496476,50.05
Tallinn,1.61,72004.5197260275,50.05
Tallinn,1.66,73537.89116986575,50.05
Tallinn,1.71,75028.58168050242,50.05
Tallinn,1.76,76477.20090363522,50.05
Tallinn,1.8,77886.56238460986,50.05
Tallinn,1.85,79257.0565044226,50.05
Tallinn,1.9,80591.83671784707,50.05
Tallinn,1.95,81891.27231403923,50.05
Tallinn,1.99,83156.40020271335,50.05
Tallinn,2.04,84389.04988100815,50.05
Tallinn,2.09,85592.49184312814,50.05
Tallinn,2.13,86769.27025979721,50.05
Tallinn,2.18,87922.72474897005,50.05
Tallinn,2.23,89053.16976571915,50.05
Tallinn,2.28,90158.31997348944,50.05
Tallinn,2.32,91238.03414647092,50.05
Tallinn,2.37,92294.6624347119,50.05
Tallinn,2.42,93328.81560397496,50.05
Tallinn,2.46,94340.7104357279,50.05
Tallinn,2.51,95331.48408673772,50.05
Tallinn,2.56,96302.32014309982,50.05
Tallinn,2.61,97253.84345084759,50.05
Tallinn,2.65,98187.13419714764,50.05
Tallinn,2.7,99102.04489532342,50.05
Tallinn,2.75,99999.80462707939,50.05
Tallinn,2.79,100880.65577676329,50.05
Tallinn,2.84,101745.41187916188,50.05
Valletta,1.0,84240.88356958229,50.05
Valletta,1.05,88141.06890267348,50.05
Valletta,1.1,91908.16311303483,50.05
Valletta,1.14,95430.94897361132,50.05
Valletta,1.19,98704.62980229092,50.05
Valletta,1.24,101768.36566249882,50.05
Valletta,1.28,104638.9946896822,50.05
Valletta,1.33,107354.52448667529,50.05
Valletta,1.38,109931.99650071854,50.05
Valletta,1.43,112388.86739483404,50.05
Valletta,1.47,114735.56535590198,50.05
Valletta,1.52,116977.4091161524,50.05
Valletta,1.57,119120.28352574956,50.05
Valletta,1.61,121165.97879183991,50.05
Valletta,1.66,123121.68184978802,50.05
Valletta,1.71,124992.20982501781,50.05
Valletta,1.76,126776.82202017836,50.05
Valletta,1.8,128479.08182857922,50.05
Valletta,1.85,130107.4331684492,50.05
Valletta,1.9,131659.4722163655,50.05
Valletta,1.95,133140.6028871254,50.05
Valletta,1.99,134558.38901600303,50.05
Valletta,2.04,135917.2042383388,50.05
Valletta,2.09,137220.58531358262,50.05
Valletta,2.13,138472.89905108835,50.05
Valletta,2.18,139677.14589918542,50.05
Valletta,2.23,140837.5344539161,50.05
Valletta,2.28,141958.1900084654,50.05
Valletta,2.32,143039.46564795155,50.05
Valletta,2.37,144083.71905515823,50.05
Valletta,2.42,145094.01856749508,50.05
Valletta,2.46,146072.99783212953,50.05
Valletta,2.51,147021.67047388546,50.05
Valletta,2.56,147941.78163062411,50.05
Valletta,2.61,148834.38669016497,50.05
Valletta,2.65,149700.58746777335,50.05
Valletta,2.7,150541.2338223312,50.05
Valletta,2.75,151357.23247945623,50.05
Valletta,2.79,152149.62219027392,50.05
Valletta,2.84,152920.03557067813,50.05
Vienna,1.0,58794.48453056142,50.05
Vienna,1.05,61574.517756949695,50.05
Vienna,1.1,64332.41807457868,50.05
Vienna,1.14,67038.05440940267,50.05
Vienna,1.19,69667.38535817327,50.05
Vienna,1.24,72201.26637876638,50.05
Vienna,1.28,74633.63704159993,50.05
Vienna,1.33,76963.77393760924,50.05
Vienna,1.38,79194.2564269227,50.05
Vienna,1.43,81331.49214646897,50.05
Vienna,1.47,83387.14888093313,50.05
Vienna,1.52,85361.88598875275,50.05
Vienna,1.57,87259.8970509013,50.05
Vienna,1.61,89089.8498281797,50.05
Vienna,1.66,90856.19013469556,50.05
Vienna,1.71,92566.14268492647,50.05
Vienna,1.76,94221.78503562983,50.05
Vienna,1.8,95825.83796144873,50.05
Vienna,1.85,97383.05114216675,50.05
Vienna,1.9,98895.20130376711,50.05
Vienna,1.95,100364.41342272828,50.05
Vienna,1.99,101793.85338627531,50.05
Vienna,2.04,103184.88783199315,50.05
Vienna,2.09,104538.39669049816,50.05
Vienna,2.13,105858.34463530175,50.05
Vienna,2.18,107145.70092179113,50.05
Vienna,2.23,108399.75640324657,50.05
Vienna,2.28,109622.769619479,50.05
Vienna,2.32,110817.16717084628,50.05
Vienna,2.37,111981.16526781101,50.05
Vienna,2.42,113116.51426989133,50.05
Vienna,2.46,114224.69776459414,50.05
Vienna,2.51,115307.36045484015,50.05
Vienna,2.56,116366.29153042725,50.05
Vienna,2.61,117402.42210957209,50.05
Vienna,2.65,118415.37145251199,50.05
Vienna,2.7,119406.92730994613,50.05
Vienna,2.75,120377.46702678925,50.05
Vienna,2.79,121327.80532011708,50.05
Vienna,2.84,122258.07454829031,50.05
Vilnius,1.0,48935.81066602825,50.05
Vilnius,1.05,51253.971630195905,50.05
Vilnius,1.1,53564.777087768125,50.05
Vilnius,1.14,55855.88467181744,50.05
Vilnius,1.19,58090.66804995147,50.05
Vilnius,1.24,60253.81021343791,50.05
Vilnius,1.28,62353.88836082627,50.05
Vilnius,1.33,64392.41898413358,50.05
Vilnius,1.38,66368.85880712004,50.05
Vilnius,1.43,68276.96989445327,50.05
Vilnius,1.47,70112.02480883154,50.05
Vilnius,1.52,71880.50273444454,50.05
Vilnius,1.57,73587.28249679063,50.05
Vilnius,1.61,75234.19008775146,50.05
Vilnius,1.66,76823.05156385664,50.05
Vilnius,1.71,78361.76918637301,50.05
Vilnius,1.76,79853.68185900612,50.05
Vilnius,1.8,81301.04118411499,50.05
Vilnius,1.85,82705.65128610465,50.05
Vilnius,1.9,84068.98836683131,50.05
Vilnius,1.95,85395.59010158395,50.05
Vilnius,1.99,86687.53388432393,50.05
Vilnius,2.04,87944.61658217086,50.05
Vilnius,2.09,89168.52764969178,50.05
Vilnius,2.13,90361.19094898824,50.05
Vilnius,2.18,91524.02400596175,50.05
Vilnius,2.23,92659.25956082913,50.05
Vilnius,2.28,93768.42323504158,50.05
Vilnius,2.32,94852.36453999096,50.05
Vilnius,2.37,95911.40748254646,50.05
Vilnius,2.42,96947.1911220722,50.05
Vilnius,2.46,97961.95689252159,50.05
Vilnius,2.51,98957.94892538988,50.05
Vilnius,2.56,99935.86803250565,50.05
Vilnius,2.61,100895.05812056127,50.05
Vilnius,2.65,101835.47128554576,50.05
Vilnius,2.7,102758.72719792981,50.05
Vilnius,2.75,103665.88882341688,50.05
Vilnius,2.79,104557.2971279536,50.05
Vilnius,2.84,105433.37735810601,50.05
Warsaw,1.0,52543.39404522803,50.05
Warsaw,1.05,55030.585250602875,50.05
Warsaw,1.1,57505.0466089844,50.05
Warsaw,1.14,59941.62632745939,50.05
Warsaw,1.19,62302.50067140089,50.05
Warsaw,1.24,64575.87433683744,50.05
Warsaw,1.28,66779.4130048684,50.05
Warsaw,1.33,68904.88092993744,50.05
Warsaw,1.38,70952.92695256713,50.05
Warsaw,1.43,72929.37112780417,50.05
Warsaw,1.47,74846.20152354824,50.05
Warsaw,1.52,76699.96635526858,50.05
Warsaw,1.57,78485.83343384498,50.05
Warsaw,1.61,80209.55510444105,50.05
Warsaw,1.66,81874.61742917057,50.05
Warsaw,1.71,83483.11316247538,50.05
Warsaw,1.76,85036.39129123597,50.05
Warsaw,1.8,86536.23167860758,50.05
Warsaw,1.85,87982.51054027435,50.05
Warsaw,1.9,89380.14208357724,50.05
Warsaw,1.95,90734.95651059698,50.05
Warsaw,1.99,92048.80584074665,50.05
Warsaw,2.04,93324.49326582407,50.05
Warsaw,2.09,94564.6621217748,50.05
Warsaw,2.13,95769.99224894449,50.05
Warsaw,2.18,96941.29814171461,50.05
Warsaw,2.23,98082.57470379114,50.05
Warsaw,2.28,99194.05633121626,50.05
Warsaw,2.32,100277.05676174334,50.05
Warsaw,2.37,101333.79822109727,50.05
Warsaw,2.42,102364.91290148384,50.05
Warsaw,2.46,103371.98339069373,50.05
Warsaw,2.51,104356.61216006095,50.05
Warsaw,2.56,105318.81447782791,50.05
Warsaw,2.61,106259.5403145156,50.05
Warsaw,2.65,107179.37845479893,50.05
Warsaw,2.7,108078.4840957341,50.05
Warsaw,2.75,108958.24954722472,50.05
Warsaw,2.79,109819.97622252085,50.05
Warsaw,2.84,110664.46237633463,50.05
Zagreb,1.0,61728.37749079367,50.05
Zagreb,1.05,64645.792975679666,50.05
Zagreb,1.1,67553.56826523943,50.05
Zagreb,1.14,70414.16353629976,50.05
Zagreb,1.19,73197.98058900375,50.05
Zagreb,1.24,75860.38466482182,50.05
Zagreb,1.28,78404.71099006788,50.05
Zagreb,1.33,80823.66477364046,50.05
Zagreb,1.38,83130.37089153819,50.05
Zagreb,1.43,85330.1991198145,50.05
Zagreb,1.47,87433.39176801064,50.05
Zagreb,1.52,89453.08861927432,50.05
Zagreb,1.57,91396.08113733656,50.05
Zagreb,1.61,93270.18408188397,50.05
Zagreb,1.66,95078.89757802598,50.05
Zagreb,1.71,96826.76246846512,50.05
Zagreb,1.76,98515.37444830821,50.05
Zagreb,1.8,100148.1408293699,50.05
Zagreb,1.85,101731.9005798061,50.05
Zagreb,1.9,103268.62359881504,50.05
Zagreb,1.95,104758.01142785922,50.05
Zagreb,1.99,106202.84757913042,50.05
Zagreb,2.04,107603.31055290019,50.05
Zagreb,2.09,108961.2037529543,50.05
Zagreb,2.13,110279.17480423368,50.05
Zagreb,2.18,111557.96613151117,50.05
Zagreb,2.23,112799.17153106387,50.05
Zagreb,2.28,114006.08855831088,50.05
Zagreb,2.32,115181.60307799495,50.05
Zagreb,2.37,116327.73218762489,50.05
Zagreb,2.42,117444.69553830099,50.05
Zagreb,2.46,118534.17949182559,50.05
Zagreb,2.51,119598.45661938167,50.05
Zagreb,2.56,120637.34509604317,50.05
Zagreb,2.61,121652.25127421127,50.05
Zagreb,2.65,122643.9413200487,50.05
Zagreb,2.7,123612.82594454965,50.05
Zagreb,2.75,124559.40782840537,50.05
Zagreb,2.79,125483.95386303731,50.05
Zagreb,2.84,126387.16210266066,50.05
